Protein_group_ID,r_sq_DMSO,k_computed_DMSO,r_sq_CHX,k_computed_CHX,FC_k,Gene names
21,0.9728912669436816,0.0310106550841858,0.999401200517646,0.0152037882424452,2.0396663377362594,Tardbp
26,0.9920008056798084,0.0388721138209292,0.9921726092221302,0.014880066255899,2.6123616086399397,Spata5
29,0.991097917489106,0.0249458629201648,0.9872256948411792,0.0134309794710871,1.8573375809162553,Tuba4a
34,0.976553217147608,0.0301674604491915,0.982234442215804,0.0129698426640053,2.325969653657718,Gapdh;Gm3839
49,0.9431950770755037,0.0807505011994666,0.9998519735662303,0.0676425896717662,1.1937819292742364,Usp19
51,0.9716789514155004,0.1135498348873039,0.9845478333767655,0.063148308750696,1.7981453048186722,Atp6v1h
78,0.9359234347215786,0.037337063114281,0.9979076246186368,0.0123099484546528,3.0330803781853923,Fubp1
80,0.99970282006218,0.0320575281063031,0.9951045571486704,0.0156822339414924,2.0441939729954277,S100a4
93,0.9948973275417404,0.0342552305479081,0.9907651881983024,0.0193801387856971,1.7675430979467026,Sept11
101,0.9663561932539342,0.0674704364986053,0.98117336459404,0.0304894312718299,2.212912267764839,Kiaa0020
114,0.9410909837876676,0.0751702021421766,0.9270191789273732,0.0563548288160389,1.3338733116829686,Ndufa9
148,0.9945361621657663,0.0345004948718177,0.9893113218980144,0.0198266533104919,1.740106831522629,Stt3b
166,0.9999999491422964,0.0557159325661022,0.9879095425874556,0.0281108168101126,1.982010446101976,Vcpip1
195,0.9806743312200888,0.0434177834518001,0.9887192894688784,0.0265087006793355,1.6378691651849178,Smarca4
237,0.971960741588605,0.0465618128040675,0.9250717403973862,0.0277159793404404,1.6799627475594605,Bub3
259,0.9834199721296522,0.0480163004790472,0.967463089832079,0.0298794933140369,1.606998484692842,Tubgcp2
289,0.9424745874101322,0.0297261622561643,0.984503843864742,0.0204197724906096,1.4557538420094742,Rpl18a
297,0.908057887734354,0.2775232332366598,0.9013986395397336,0.0966397341456308,2.8717300982890475,Ldlr
306,0.9705238540095518,0.0474118147990415,0.996096902696374,0.0154923542031415,3.060336355427986,Syne1
315,0.9908728226453436,0.0484593649412286,0.9942658167346607,0.0250012415573308,1.938278338301942,Myl6
343,0.9961333428863482,0.0397958749271684,0.9987648714744428,0.0219968095698645,1.8091657701891695,Ssr1
354,0.9552698772273444,0.0410343938120415,0.932338313644825,0.0224356902913642,1.8289784392252995,Myof
378,0.9995700738657058,0.0728636375157395,0.9999968088626048,0.0403726037148253,1.8047792515542689,
382,0.9870421853021598,0.0366718212712509,0.962521132566545,0.0231575275653756,1.5835810264167163,Nup155
387,0.9998474022497758,0.0502871220433008,0.997510912117212,0.0262161704866917,1.9181719186953106,Cd47
409,0.997048624956621,0.028576392474758,0.9757310864249372,0.0162185359560739,1.761958819967103,Srsf7
415,0.9262768341257088,0.0642585638627433,0.9930878756188032,0.0442455155438476,1.4523181179584774,Nedd4l
424,0.9981313590626272,0.0377786075783368,0.998189311680324,0.018042219545561,2.0939002256865686,Ostf1
431,0.9944378217543374,0.3005372545626313,0.9932093557034398,0.1943947301295283,1.546015441685989,Scd2;Scd1;Scd3;Scd4
437,0.9274194102731392,0.0365080393417407,0.986872340084449,0.0144828589992134,2.520775721404423,Nars
475,0.9972801663218972,0.0422478251082194,0.9985856945369812,0.0215308936033187,1.9621956193080377,Mtx1
483,0.9999993616979066,0.0568735507893638,0.996669112306221,0.024378328004053,2.3329553519793618,Obsl1
487,0.9444169770626162,0.0320434032454737,0.9681476179965792,0.0175200459248795,1.8289565782456183,Sfpq
507,0.9986399071897076,0.0308172208037768,0.999340380489048,0.0132303044987789,2.329290365661735,Tanc2
508,0.9910188108283762,0.0552513867418367,0.982169904119605,0.0251604821020043,2.1959589851195793,Gpatch8
547,0.9719115341314628,0.0287393835828536,0.9979139922588428,0.0183879185498256,1.5629492541517798,Map2k6
548,0.954639594233546,0.0336369733467707,0.921422113472606,0.0172925207998659,1.9451746645886092,Eftud2
582,0.9552512510991568,0.2205456004532793,0.9648319274548824,0.12102956348257,1.8222456902857544,Tpx2
584,0.9944529376634316,0.0484810261853895,0.9949409773782428,0.0352620339639039,1.374878891983862,Cd44
589,0.9379869007564468,0.0483036955300603,0.9144677052987064,0.0351105594918285,1.3757597779466408,Aqr
590,0.999997513953886,0.0579216350336444,0.992266641128996,0.028927585667549,2.0022975888589607,Ssfa2
600,0.9996226226308608,0.0441041350704953,0.9984596519847292,0.0273472824775434,1.6127428788111586,Nckap1
603,0.9735868222584174,0.0310612253043961,0.9930348449788516,0.0125828387704801,2.468538767044136,Gorasp2
670,0.9907173295459234,0.0284460094437947,0.9780637316857436,0.0136910798444871,2.077703860243637,Slfn9
675,0.9215014866977896,0.1352620169961005,0.987389577046487,0.0853409158667843,1.584960925510129,Jak1
738,0.9534910582485868,0.0363694831351893,0.9654976288197774,0.0175990735328048,2.066556689327783,Flna
755,0.9682609390493048,0.122285211482095,0.9932782461626154,0.0564996681835893,2.164352737165517,
821,0.9795564927937076,0.0395659275260471,0.996061332060578,0.026472957988783,1.4945790169278326,Hnrnpdl
860,0.9775671075793446,0.0460381088081151,0.9920357312706274,0.0285658007396585,1.6116512618601104,Drap1
868,0.9746395833835184,0.0896908205014109,0.9825332827470816,0.053577354680623,1.6740434654913794,Glyr1
873,0.994602601237125,0.0430999710145972,0.9347378147437062,0.0481102825132154,0.8958577826425792,Sf1
879,0.9947312706317848,0.0355231073827906,0.9785616792561942,0.0213347584426368,1.665034430940585,Acsl1
927,0.9947147530197497,0.0529546264420653,0.9619336731528964,0.0369684250767714,1.4324285206117315,Sumo2
933,0.9991891078471844,0.0298841280734722,0.9998381336786664,0.0127386608473686,2.3459395325408408,Anp32a
934,0.9792682508614649,0.0316387927970403,0.9846038021677238,0.0195486212305291,1.6184667155773609,Gls
935,0.98171805102503,0.0412032691868389,0.9726538475708808,0.0244708895203329,1.6837667119784525,Gls
958,0.9926082951152838,0.0741196024720442,0.996478849375616,0.0399744928063442,1.8541724301823026,Mroh1
978,0.9471148373871268,0.0407047610580861,0.9808960719578836,0.0219304653142233,1.8560828726094778,Diaph1;Diap1
985,0.9758144939254484,0.1576894852397621,0.9932773996664862,0.0874973836152876,1.8022194347330232,Ifrd1
995,0.9436768276798396,0.0353116497004158,0.9595351502900644,0.0184517762926774,1.9137263069046233,Ncapg
998,0.9571932625992712,0.1947296268034211,0.9703723261628108,0.1701095594443181,1.1447306514667794,Col6a3
1023,0.999283718028576,0.0773597664371382,0.9828853745410032,0.0397355702227683,1.9468643838112434,Rbms1;Rbms3
1043,0.9283476558877296,0.0376702591446277,0.9735802240696628,0.0188413515929542,1.9993395356368517,Sept7
1086,0.9868456377473536,0.0775387577295616,0.994861556985268,0.0442125767592772,1.7537715150992985,Kif23
1136,0.9320951750417552,0.0340625126770655,0.948726038777481,0.02172172998142,1.5681307476983355,Mars
1141,0.9999772648829522,0.2143681855699787,0.9999819475668532,0.0947795523049365,2.261755625098195,Neo1
1169,0.950405906413787,0.0325267002923115,0.9847387592700018,0.0140772644070496,2.310583885603712,Nop2
1198,0.9946049750275212,0.053703004397333,0.9994118803520606,0.0296816534488803,1.8092996230760476,Ube2j1
1210,0.9808449938907824,0.0469344315910831,0.9723742548796124,0.0328807973361313,1.4274116017104264,Paip1
1213,0.995147409680512,0.0327125242313803,0.9949121489218572,0.0187746200902606,1.7423800894032488,Rps18;Gm10260
1217,0.9291896686439696,0.0308947704326115,0.9946193133803328,0.0174584946517575,1.769612503761967,Rps12
1239,0.94281998553421,0.0552011443922206,0.9652880895627942,0.0406820998973889,1.356890242427323,Iqgap3
1247,0.9635396925524948,0.1928470331944577,0.9815710546145986,0.1187134931485858,1.624474422238455,Lamc1
1252,0.9960839637789446,0.2728380807730641,0.99169071137782,0.1865748875373598,1.4623515756826113,Kctd10
1258,0.9849104372050752,0.080888117640634,0.9993659435910758,0.0446925004154913,1.809881230377448,Prrc2b
1268,0.963403859409424,0.1328675397335738,0.9997921998060496,0.091802504748348,1.4473193307502294,Diaph3;Diap3
1274,0.9781017688314796,0.0902739489965868,0.9417783619380032,0.047916821612656,1.883971973899522,Ddx24
1277,0.9965417784419472,0.0345164965083644,0.9987429454831364,0.0150278043660811,2.296842284310725,Sf3a2
1291,0.996691692186883,0.0305423413776104,0.9947071972721584,0.0152486362389983,2.0029556019900676,Prps1;Prps1l3
1292,0.9818933370352828,0.0351505520678245,0.9965320094339192,0.0203458164975452,1.7276550229412295,Gps1
1298,0.9049728700983448,0.0549804507052113,0.9994332832036636,0.0325650563277558,1.688326596209522,Gtf2i
1305,0.973581748517639,0.1839355015648385,0.9863233962331388,0.1221220441211052,1.506161339573014,H2-D1;H2-L;H2-Q6;H2-Q7;H2-Q8;H2-Q1;H2-T23;H2-M5;H2-Bl
1324,0.9992231581385208,0.0423493576773217,0.999276784586881,0.0197598480529154,2.1432025977079014,Zkscan2
1325,0.9904373719510704,0.0375237075439498,0.986306114692974,0.0201779845118088,1.8596360564153336,Supt16h;Supt16
1326,0.9799384977507486,0.1721372179149985,0.9728193086455568,0.0989831869791329,1.7390551180301714,Atad2
1332,0.9892277678374756,0.0484993398314633,0.9945348730538444,0.029117419752946,1.6656468960151014,Dap3
1346,0.915862166000662,0.0488859712842384,0.9688043341754144,0.027384367069471,1.7851780601764609,Sf3b1
1354,0.98676102156834,0.0973234775474669,0.9683263560646612,0.0449118306766933,2.1669897681987007,Gprc5a
1355,0.9532407920950892,0.0395382074933828,0.9402567663128324,0.0263992329619711,1.4977028897142122,Tmtc3
1387,0.9487944563674224,0.057387989029381,0.9966923071737248,0.0153676889604419,3.7343278600382863,Tcof1
1396,0.9988056656255117,0.0287581304343852,0.9508872920446692,0.0146915598777549,1.9574592945660643,Srsf1
1398,0.9888578429580576,0.07123841407263,0.9919797130199598,0.0483024152315476,1.4748416560773194,Son
1402,0.982312448744622,0.0533098766879495,0.970655965586084,0.023043863558649,2.3134087976293727,Rpl10;Rpl10l
1422,0.9274245717779152,0.0604430252933318,0.9938212364898692,0.0362435685288457,1.6676896825219107,Hk2
1425,0.96625343698031,0.0372727732200957,0.990615488191034,0.0131023089433031,2.844748462380495,Dpysl2
1427,0.9911779705537695,0.0325959711748084,0.9999132929751312,0.0190816322002216,1.7082381021068969,Gtpbp1
1428,0.9939907489355172,0.0363316714552174,0.9944375832859056,0.0174825818536632,2.078163955377373,Alyref
1435,0.977158786211827,0.0299369895603673,0.9649193796208232,0.0176141474561211,1.69959912252034,Dld
1451,0.9891979105860248,0.0912268501668111,0.9825379973445796,0.0562801263145253,1.620942526976284,Degs1
1452,0.9932972974900552,0.0306036367132117,0.9955612835848836,0.0141518127865418,2.1625241355874483,Psmb1
1454,0.9999999624086608,0.0544084626893752,0.984159361819118,0.0288159029862654,1.8881401257947061,Map2k3
1462,0.9934765126531532,0.027182733815598,0.9592381754930012,0.0135124575463479,2.011679498149088,Phb2
1473,0.9987883183040492,0.0338252947551115,0.991937921287246,0.0231052471206873,1.4639659371929417,Kpna4
1475,0.9977579419493648,0.0414799218978508,0.9317512355082438,0.0267839490435863,1.548685812922856,Kpna6
1483,0.990177887517652,0.0487709165550094,0.9987481221618124,0.0375806384179695,1.2977671111539493,Fkbp8
1489,0.9558024180566272,0.1007256351067521,0.9615744013695224,0.0521724702196107,1.9306280627075068,Cd151
1490,0.9876490018916289,0.0305819357566262,0.9997863741063244,0.0155722428035718,1.9638748343694996,Psmd14
1497,0.9800070856533828,0.0333576778081624,0.9983738532164088,0.0158566637559042,2.103700899613371,Ap1b1
1504,0.9794730697365006,0.0324221893039184,0.997626490094574,0.0181933795527862,1.7820872262818894,Hnrnph1
1511,0.9940484964938612,0.0161183442664874,0.9913268036734132,0.0101539992889136,1.5873887527336965,Aldh1a7
1544,0.9678696434100208,0.0359691291196178,0.9910279856197728,0.0186559225223107,1.928027363782314,Atp2a2;Atp2a1;Atp2a3
1547,0.9999970644733732,0.0606355570573218,0.9954861365388744,0.0389667920072131,1.5560828575803114,Ilk
1555,0.9797154644890476,0.0444266898764224,0.9845863844020668,0.0229290143638152,1.9375752124144145,Eif3d
1557,0.991812873764268,0.0326548907689401,0.9999764765387265,0.0201512323892075,1.6204910021497865,Eef1b;Eef1b2
1561,0.9493399903226536,0.0546639804112504,0.9576682066400496,0.02726130819142,2.0051855188833123,Epb41l2;Epb4.1l2
1580,0.986308879272618,0.1955303886714998,0.9744396477631349,0.1657727818036414,1.1795084002578082,Col5a1
1584,0.9766776168573634,0.0390529700704149,0.9523858809482852,0.0186879571839336,2.0897399157137144,Wdr1
1589,0.9666078330750656,0.0296891534390955,0.961348851021234,0.0150634457930023,1.9709403709533413,Igf2bp1
1594,0.9810857822382936,0.0306163492945484,0.9818888191293724,0.0159859412072812,1.9152046725033252,Cops3
1595,0.9955148092261656,0.0299819156796264,0.996262585044333,0.0149595839648322,2.004194484960913,Cops4
1604,0.971467692567493,0.0350991633947748,0.9940510699198298,0.0224941901992529,1.5603657248323857,Psmc3
1622,0.9858105417214802,0.0643949126209634,0.9896909654500708,0.0662919861848544,0.9713830634278925,Yme1l1
1625,0.999509525737311,0.2232828760581581,0.995534365670326,0.1281901754762175,1.7418095827443711,Cpd
1630,0.9707618378145656,0.035410774558952,0.9766056834275229,0.0164015405894785,2.1589907585673886,Cope
1635,0.9956923682728512,0.0289889607498689,0.9867576653329772,0.0218897209242074,1.324318425540574,Mtco2
1639,0.9233770782837936,0.0406016259787314,0.9951445969214716,0.0391253282986345,1.037732531439191,Mtnd5
1642,0.957432335887252,0.1287953374181879,0.9629027073427112,0.0740848026503084,1.7384852602783003,Tk1
1643,0.9903849226409738,0.0335930903112714,0.970259609600622,0.0147643899278138,2.2752779136500094,Aldoa;Aldoart1
1646,0.9369058394225034,0.0267168099557935,0.9788113779434826,0.0151978789424175,1.757930172823426,Got2
1651,0.9873138529555928,0.031017619840228,0.9890000458814668,0.0133818459482403,2.317887977503342,Gpi
1665,0.9947359353579556,0.0277483831645428,0.9940813133329388,0.0139439980102141,1.9899876021365515,Mdh2
1667,0.9744042391689104,0.0960868905236223,0.9503963514182918,0.0622002892757172,1.5447981294378696,Itgb1
1670,0.954771081123758,0.0268356937763856,0.9822445321955622,0.0108008602388762,2.484588558955169,Pgk1
1672,0.9303455396738358,0.0612788548586279,0.9670882923708384,0.0231419087898061,2.6479602618441285,Fth1
1681,0.981545906567488,0.0337433756985779,0.9765233569940088,0.0165877297730334,2.0342371234811387,Anxa1
1683,0.9389861588261308,0.228574062605967,0.9175439009768456,0.2438866406287292,0.9372143632661181,Nid1
1684,0.9665775196943398,0.0272976043932334,0.9962182031937056,0.0156385343403534,1.7455347028778228,Alad
1689,0.997330640628562,0.0384354759167602,0.9903934796961348,0.0187392722597531,2.051065558149194,Tcea1
1692,0.9919059525826884,0.0172166141554359,0.979323087999705,0.0095305231363462,1.8064710519171334,Hist1h2bc;Hist1h2bh;Hist1h2bf;Hist1h2bk;Hist1h2br;Hist1h2bm;Hist1h2bb;Hist2h2bb;Hist1h2bp;Hist3h2ba;Hist3h2bb;Hist2h2be
1693,0.9080972282473604,0.0268386119368591,0.9969501508194052,0.0186349488849553,1.440229973398367,H1f0
1697,0.9074449905315628,0.0934715347829784,0.9150419151427484,0.0741441953134139,1.2606723208454305,Fn1
1698,0.9999520428185296,0.0288051539498188,0.9980302537109024,0.0166555635272707,1.7294613840387434,Lamp1
1699,0.9848868204559016,0.0560391533242841,0.9999960853231696,0.0350128433012388,1.6005313490864468,Cdk1
1710,0.9818533878161269,0.03384935612173,0.9920539018633951,0.0136922152094056,2.4721606843046,Gsn
1711,0.9887077299728836,0.0279003632471063,0.9882049937841104,0.0183220732340244,1.522773263196812,Umps
1716,0.9875249656496032,0.0322247871012699,0.9975408761284604,0.0191967722896585,1.678656526994891,Rps16
1719,0.9842829350108524,0.031577559481048,0.9864319503521564,0.0168242472858861,1.8769077120935143,Rpsa
1720,0.9351555824273338,0.0279526400106859,0.9801401499447532,0.0144501742107044,1.934415433550908,Calr
1725,0.9915205975217128,0.0313034497783685,0.9345168893930772,0.0183010668376841,1.7104713105528322,Rplp0
1726,0.9496016805530568,0.0408727281925414,0.9990571322625554,0.0171547334329514,2.382591857360585,Map1b
1727,0.9930717206988912,0.1400208538860844,0.999806445383152,0.0829860498132884,1.6872818287063849,Hmox1
1730,0.999932872030786,0.0237628804247302,0.9991071753559496,0.0178415618555817,1.3318834201332,Nme1
1733,0.978326965531392,0.023949568728181,0.9947212365901126,0.0136656259745047,1.7525409207644462,Hist1h1c
1734,0.9928498095908436,0.0294109110251534,0.9949294089206144,0.0178866809554737,1.6442911403388702,Lgals1
1735,0.9651375150236268,0.0397206949956058,0.994531250585328,0.0235106375601082,1.689477577715804,Lgals3
1738,0.9668892842140178,0.0323630599604207,0.9876319503534814,0.0166024722907281,1.9492916111351883,Lamp2
1741,0.993951158348132,0.0289649829032781,0.9927965288103686,0.0148680273258609,1.9481389338649837,Ptbp1
1746,0.9622998222199768,0.0290930880670022,0.9942079580916936,0.0102170613870476,2.8475005644856126,Tpi1
1747,0.9883378553430736,0.0783300552354407,0.9822194148744272,0.0382429337939859,2.0482229647286876,Slc2a1
1749,0.9787018971187236,0.0297038154975234,0.9973975129151194,0.0126459249933515,2.3488843649744844,Pcna
1755,0.986276605097042,0.03346309776773,0.9044616286342928,0.0155471050199982,2.1523684135848127,Cfl1
1759,0.9805105037847373,0.0272172685729615,0.9369087577848138,0.0184482167633145,1.4753333030585831,Rpl13a
1760,0.9325630711397086,0.0309682132357276,0.9524741725929156,0.0191169373720074,1.6199359046430635,Serpinh1
1764,0.9187979061444042,0.0378446396170132,0.98225520156221,0.0157703371211013,2.399735612904283,Hspa5
1766,0.9163337534534366,0.0973629733727216,0.9495105354863737,0.0530308110315418,1.8359699103001046,Prdx3
1768,0.9374600416619246,0.0458295610599731,0.9966462557538464,0.0326955518879008,1.4017062998998535,Prim1
1770,0.9994980757686136,0.0425691073902992,0.9915168586293222,0.0243260715264507,1.7499376068187633,Gna11
1771,0.9999863618717244,0.0429254222275548,0.9947140320478196,0.022654525707433,1.8947835316398116,Gnaq
1772,0.99651350492258,0.0393134765615367,0.9894014208202734,0.0193602538145744,2.030628159014192,Eno3
1777,0.9777558052366232,0.0465820699378363,0.9963412873876504,0.0212005126442464,2.1972143183282027,Ptgs1
1780,0.9998111612194562,0.0323610171842591,0.9901542199605032,0.0172448765199593,1.8765583590467758,Hmbs
1782,0.983354306207963,0.1183472597680438,0.998171715559632,0.0542402085308928,2.1819101174848634,Gja1
1786,0.998445011627174,0.0327899932497482,0.9696998037521468,0.0201133738840571,1.6302582271261434,Glb1
1787,0.9464755764415672,0.3448497173574996,0.9522585776417954,0.2811214411257712,1.226693047590123,Zfp36l2
1789,0.9210874013421124,0.0405849111755747,0.9980357946636468,0.014828824751411,2.7368933044888095,Bcat1
1793,0.972829880079626,0.035554335429938,0.9776168197258568,0.0195701363330873,1.8167648311078017,Impdh2
1798,0.993021507217604,0.0305025524820841,0.9855015598747348,0.0165184608167003,1.8465735288874958,Rps2
1801,0.9564583755468684,0.0417530917773267,0.9716295805606402,0.0219129320479242,1.9054087187424995,Tln1
1804,0.9603104530199134,0.1532970902795782,0.9745615707741356,0.0790007546770095,1.94045096032722,Ctnna1
1812,0.9757423022639476,0.0638232560516975,0.94544637294733,0.0397806364343981,1.6043799640296825,Man2a1
1827,0.9943006148302904,0.0333732497147167,0.9961153939495192,0.0151618176898003,2.201137778959554,Nap1l1
1836,0.919725962968289,0.1035656368042618,0.9856960583170729,0.0808335114805652,1.2812215491734773,Hexa
1838,0.965486343847202,0.0444049434634392,0.9602545538263187,0.0252991576938017,1.7551945405011813,Oat
1841,0.994429752029964,0.0307411333444374,0.9972667086723342,0.017970125058039,1.7106799894353124,Ppic
1845,0.9622337588034828,0.0322706004980649,0.9203278886411744,0.019753818283536,1.6336386229168223,Aimp1
1846,0.980536533804004,0.0286130463498557,0.9950712641403175,0.0181652437585912,1.5751534485367553,Prkar2b
1858,0.981074596906261,0.0504364123391037,0.9876389296560334,0.0370301996812336,1.362034576461228,Prim2
1860,0.9843601264886273,0.0292578211293203,0.997907623892768,0.0129675265587965,2.25623760989896,Ranbp1
1864,0.9993904820074366,0.0410184912764397,0.9845213225245748,0.0205344655472802,1.9975436507950715,Rab6a
1869,0.952686913695634,0.0416072037649682,0.9626724509572808,0.0261396231638282,1.5917292879165876,Pdha1
1871,0.9937763410032796,0.0271836838702763,0.9928622178815528,0.0130533837795027,2.0825009307519133,Fbl
1875,0.9965347215099322,0.0303670280637779,0.989756339628892,0.013812843037964,2.1984632693150457,Prdx1
1881,0.9699423613248084,0.0338546601966289,0.9948468616619882,0.0196884389379815,1.7195197802766862,Rpl18
1885,0.9308328726558528,0.042240792518113,0.9834911020213362,0.0206232576758668,2.048211450489847,Por
1887,0.9662389522646946,0.131865228488212,0.9746407412231648,0.1385653836246565,0.9516462556435179,Fbln2
1892,0.9979871430467172,0.0428488836154962,0.9991067987595654,0.0204659301337003,2.0936690067625574,Dnm2
1901,0.992055691126124,0.0300746032974377,0.973599675412918,0.0182443992888964,1.6484293520007096,Rpl28
1906,0.9832076352574092,0.0356475168394148,0.9928845630804533,0.0152380106449197,2.3393812794913327,Eci1
1916,0.9940935379860726,0.0193036978173581,0.9945944112998004,0.0114786088480455,1.6817105690159486,Hist1h1e
1917,0.9932596895371768,0.0224326820198732,0.9777650734675124,0.0141072293564856,1.5901550512156442,Hist1h1a
1918,0.9445269872976342,0.0162777519466783,0.9756089161686556,0.007732915772621,2.104995376299192,Hist1h1b
1919,0.9914422627084812,0.0151770210823668,0.9997695430045748,0.0086237418043295,1.7599113501690489,Hist1h1d
1921,0.9081922896519684,0.1750918913690335,0.9560752514652044,0.146381862842555,1.1961310504523253,Itgav
1922,0.9930310116795916,0.1472280328150125,0.9364859185413932,0.0905031143119609,1.6267731108956418,Sdc2
1930,0.9921139134239788,0.031565281276311,0.9849680934361036,0.0140835220907094,2.2412917076427883,Nsf
1937,0.9699560419374812,0.0765074120283664,0.990980230826034,0.0431958047054395,1.771176912898953,Nedd4
1941,0.9632730015858898,0.0365483307287322,0.954397961960846,0.0168241737501419,2.172370023723985,Pla2g4a
1942,0.9856093376952164,0.0382953940383182,0.9839595490841428,0.0193637729985447,1.9776824506874937,Aldh2
1943,0.9924284305916928,0.0325745280203708,0.9980225527254966,0.0161228232307434,2.0203985092546866,Capza1
1946,0.9834821554760688,0.0487294075668083,0.9793357885710964,0.0277865236364307,1.753706516309926,Srprb
1947,0.9628582874230948,0.02625422060239,0.972707593985112,0.0131462900780371,1.997082100466634,Gsr
1952,0.9809122507000646,0.032556265617421,0.9880018691989932,0.0179855912398905,1.8101304084579657,Rpl6
1953,0.9358107476886848,0.0373431258161886,0.9930621656579268,0.0230028329617118,1.6234142063434625,Rpl29
1957,0.9780472929030016,0.0348573124271232,0.9868733678397904,0.0174620828659163,1.9961715160085576,Rpl5
1958,0.9869421649238732,0.0325500597331618,0.9940720347134562,0.018555092539926,1.7542386093263653,Rpl13
1961,0.9688684333060053,0.0340285898116489,0.9861996043124016,0.0167005030040764,2.037578736601102,Anxa5
1971,0.9922637234493552,0.0308272351053494,0.9942439455912362,0.0137690792294573,2.238874117261103,Slc25a4
1972,0.9951220529878854,0.0594821681158313,0.9995783378149272,0.0205937426558757,2.888361242042624,
1981,0.978501914496002,0.0420592784748975,0.9382121694152072,0.0265585066560736,1.5836462124755446,Mcm4
1985,0.999336905010375,0.031537749555432,0.9402431419267308,0.0272986291924317,1.1552869315568255,Cav1
1986,0.9476914088639294,0.027373830862734,0.996123926722554,0.0138113075139394,1.9819869215935053,Ahcy
2007,0.9982146658340084,0.0276585752752553,0.9876887215712272,0.014928348559707,1.8527551902096098,Slc25a5
2012,0.9840540813811725,0.1002832690455275,0.993062922597287,0.072365652125897,1.3857854672692131,Kpna2
2016,0.998783382379309,0.0280721009090031,0.9962133214222578,0.0137448354100092,2.042374468053693,Pkm
2017,0.9997377175281572,0.0282306821840214,0.9991966910423742,0.0150924872270912,1.8705122462086288,Pkm
2033,0.9865792070332102,0.0357331043886909,0.9944660536422174,0.0196341673362126,1.8199449855347805,Rab2a
2047,0.9823433726488244,0.0293019892471429,0.9999023991564644,0.0149001852825759,1.966552005323605,Psmc4
2049,0.9201763492975948,0.0516345534422974,0.9836729599723204,0.0294000825237311,1.7562723982362676,Ddx6
2058,0.9832889493334188,0.0724620358311737,0.97795113923051,0.039252048549299,1.846070167272016,Rrp1
2072,0.9997793753146448,0.0409324530002023,0.9996148735528216,0.0229871044634098,1.7806702477624956,Pcbp3
2090,0.9400788153475758,0.0505774384462174,0.9851977111501952,0.0383184974755283,1.3199222771852719,Aaas
2105,0.9994649453924734,0.0345766330598551,0.9846684341000848,0.0171358599789769,2.0177938604934558,Arpc4
2107,0.9728153698331614,0.0484307039881668,0.9465146144883684,0.0281514440097576,1.7203630467900752,Eif3e
2113,0.994808282808918,0.0416863962874964,0.9959372787520258,0.0220962958268247,1.8865784842041036,Cdc42
2115,0.9375173655605864,0.0356627642182697,0.9945883197220234,0.0213195804753728,1.6727704496561435,Rps20
2123,0.9971708349561936,0.0334229071742126,0.994278629602218,0.0165223003786222,2.0228967158506377,Actr2
2124,0.9929989187423276,0.0417881942534804,0.9911857071225236,0.0199921956636096,2.0902253537636457,Actr1a
2125,0.947079730930764,0.0367034852955555,0.996131720551802,0.0155392668136035,2.3619830804001807,Cops2
2126,0.9682770980577352,0.0330461830347041,0.938763967524891,0.0183383160534212,1.8020293105668772,Abce1
2128,0.9800019481479764,0.0339874818637104,0.9565336553268488,0.0192504547483179,1.765541765535706,Rpl26
2129,0.9812832749120034,0.0420252434165053,0.9894612442877172,0.0225934645482159,1.860061936354238,Psme3
2130,0.9588872405296404,0.045433173403792,0.9734075914823996,0.0287129859125195,1.582321446547366,Rpl27
2133,0.9943694761455886,0.0522877619786928,0.9907876498567296,0.0273076859293116,1.9147635619526449,Sec61a1
2134,0.9945379824714258,0.0514904212990534,0.998708737594896,0.0222805239906318,2.3110058507018674,Arf4
2143,0.9950859697031657,0.03762215862428,0.9919268798454935,0.0164971958240623,2.2805183999456125,Hnrnpk
2144,0.9590335248575672,0.036740241578299,0.9807912509212704,0.0145347224958004,2.5277566591941856,Ywhag
2146,0.959805812113234,0.0351147174177747,0.9933172321480792,0.0241326679818817,1.4550698432572018,Rps7
2147,0.9917496108108296,0.0625322387635222,0.997382630310464,0.0357130118870423,1.7509651373372594,Ppp1ca
2149,0.9601541075521374,0.032568772594906,0.9833857919307358,0.0132803464040245,2.452403845809045,Psmc1
2151,0.982928646988336,0.0344804684677787,0.9754353415988842,0.0236783460474466,1.4562025742290798,Rps8
2154,0.9358685483711612,0.0322637334105667,0.9766707570577228,0.0149346797818023,2.160323079031103,Ywhae
2155,0.997753191574156,0.031359959537194,0.9905745279593888,0.0169194711115566,1.8534834410854624,Rps14
2156,0.9477989488095871,0.0308674793204225,0.99246172363476,0.0199853930794237,1.5445019869137644,Rps23
2158,0.9852268946798144,0.0327755523497947,0.9882692117555516,0.0181845896266108,1.8023806433240546,Rps13
2164,0.979936349480841,0.0358351572304625,0.970372743508028,0.0182692803084036,1.9614980243079887,Psmc6
2169,0.9307350594003936,0.0334581757847463,0.9928744561598968,0.0197765864940658,1.6918074205973728,Rps4x
2172,0.9716722249583812,0.1458938397106315,0.9844511588347952,0.0788288721432675,1.8507665496656707,Rhob
2177,0.9958088567899126,0.0170287763123582,0.9440106450105556,0.0124858753349497,1.3638432112718832,Hist1h4a
2179,0.9725924808505988,0.0355138883181633,0.9895695126780208,0.0168484564997375,2.1078422417339304,Rab1A;Rab1
2180,0.9954623816527608,0.0289948422124856,0.9822914385621644,0.01525433894498,1.9007603224935168,Ran;Rasl2-9
2181,0.9797450322806482,0.0350155004162384,0.9972734881329856,0.0206281375039574,1.697463011845876,Rpl23
2186,0.9943129076642054,0.0524784370953033,0.9870579425115884,0.0328713307204134,1.5964804571393183,Gnb2
2194,0.9979290790630369,0.0467522179210249,0.9280316837904168,0.0294961523459807,1.5850276799711336,Ybx1
2196,0.9904674429435488,0.109766869542353,0.9980771909241932,0.056597547661209,1.9394280154930696,Rps27a
2197,0.9888574208612813,0.045256705428141,0.994366661383363,0.0274804040274976,1.6468719085372971,Rac1;Rac3
2200,0.9913235022770128,0.0461300561813633,0.9970322288858816,0.0252744590317631,1.8251649273042958,Tpt1
2201,0.9840092229770538,0.0560640088634658,0.9730478048034542,0.0273945942687229,2.0465354702287195,Dnaja1
2203,0.9999233628642128,0.0332488437965461,0.999157013624221,0.014943554539803,2.2249621874090217,Eif4e
2204,0.9675573430417864,0.0429472796589326,0.970729991551093,0.0246049758150422,1.7454713218078788,Mapk1
2205,0.9997466698298632,0.0630867561338215,0.9991332151917388,0.030987736231015,2.035862047601891,Ppp1cc
2206,0.9542659601470266,0.0510820077341131,0.9637546987091232,0.0261489849575113,1.9534986852114804,Gnas
2208,0.9976917264641728,0.066191464670256,0.9998796200676138,0.0366806945561904,1.8045313882717966,Crnkl1
2210,0.9547780306808644,0.0420696446673559,0.9952357689236148,0.0171843334622625,2.4481394497926012,Eif5a
2211,0.96906280668435,0.0349555363159586,0.967695105090598,0.0150825950887703,2.3176075542851797,Actg1
2212,0.9649947151914712,0.0331833110255453,0.9909863159636804,0.0197792868003518,1.6776798557243782,Rps17
2215,0.9813871975635164,0.0326813397474584,0.9941888799078212,0.0197817540450784,1.6520951414613987,Rps10
2216,0.953361266446761,0.0413256835437927,0.999281382938129,0.0228321757802268,1.8099757089108306,Ppp3ca
2217,0.9928769611534544,0.0541288266161259,0.9899338539103718,0.0358809671688887,1.5085665434085445,Ppp2ca
2218,0.9903092943773684,0.0304293756680845,0.9984992621311756,0.0151098461991504,2.0138772603651973,Phb
2221,0.9497818780640456,0.0267124091953991,0.9948175842137952,0.013894231279748,1.9225539475749667,Actc1;Acta1
2225,0.9713810607059234,0.0316932644995089,0.9858067007690025,0.0165020473219642,1.9205656050522415,Ywhaq
2226,0.9921300748995509,0.028560553834696,0.9967685546888772,0.0139137363380613,2.052687584467735,Tuba1a
2227,0.9994555750225346,0.0261122905071795,0.9940045034548812,0.0149677583764221,1.7445692167447584,Tubb4b
2231,0.9591273569389912,0.0288758594774196,0.9755695481910772,0.0175672613293663,1.6437314238133005,Kpnb1
2244,0.9411333219140166,0.065748110400897,0.9525020181243196,0.0472364507844827,1.391893533679618,Mpp1
2266,0.9841633069905392,0.0502347444556056,0.9903947267294698,0.020303181219353,2.474230216086621,Naca
2270,0.9709395310424644,0.0300319524487833,0.9917734229812576,0.0133082118759681,2.2566482055350234,Ctps1
2278,0.9922514190442516,0.0310961073638056,0.95773383681463,0.0157099847312211,1.9793849514065425,Cct3
2289,0.9826703909707832,0.0339876043158208,0.9874186543101828,0.0184634336951893,1.8408062593837227,Ap2m1
2291,0.9466820974879768,0.0264387126298547,0.9957629397400132,0.0147476067259979,1.7927459770979022,Srsf3
2313,0.957465657813788,0.0372523333494734,0.9979930375483724,0.013737252210563,2.7117747260131777,Anxa4
2314,0.9743942823566064,0.0428792871974509,0.96078769163199,0.0250175020715357,1.7139715657798584,Bop1
2316,0.979292054908148,0.0339769266194617,0.99423200690832,0.0181391153045147,1.8731303070224754,Rps5
2320,0.9971183834658964,0.3303146182454761,0.9481117872048044,0.1513028246845301,2.1831358332813,Aurka
2323,0.9436829400642628,0.0638123082680693,0.9916489407052564,0.0336182927544668,1.8981424409063923,Smarcc1
2340,0.9963305899034812,0.0266379682341499,0.9949704482270582,0.0144925669190104,1.8380434869138302,Tubb5
2347,0.9239726834454236,0.0379207948923995,0.9780143296593024,0.025809231584917,1.4692725262909625,Xdh
2351,0.9973560155888078,0.0676149319226407,0.9936979002198072,0.0413987833742683,1.6332589127405912,Yy1
2356,0.9872154697472,0.092155488271962,0.9699278276458742,0.0645078369319978,1.42859368186705,Top2a
2357,0.9925263316376516,0.041964929538646,0.9886291501740826,0.0221688424079137,1.89296891404964,Rsu1
2359,0.993301291661133,0.038219158701115,0.9944637781608748,0.0207312003241794,1.8435574449849337,Aqp1
2360,0.9443998416988206,0.0334463739136876,0.9751205598155448,0.016089782921901,2.0787336955404943,Uba1
2366,0.9069668234996988,0.0714983080772862,0.9759345975670558,0.0339603353957663,2.1053475251071756,Epha2
2377,0.9994420609296314,0.0737501737611517,0.9817901058227116,0.0366790651781584,2.0106884786438983,Cdk18
2385,0.9958533785481472,0.0463988369590027,0.988509337439098,0.0258335410760431,1.7960695679474992,Cab39
2391,0.971240857302602,0.0444866623415274,0.9852161166996868,0.017233279331682,2.581439172737266,Cnn2
2393,0.92239138099507,0.0652287086086315,0.970641264670368,0.0394552477228682,1.6532327731609968,Eps8
2395,0.9848508948889696,0.0372005178538845,0.9828728930440768,0.0232469272831748,1.6002337599605585,Ssrp1
2396,0.9765936179265754,0.0558695549287505,0.9959879321734424,0.0217626150665816,2.567226170100444,Slc7a1
2405,0.989125233573437,0.03115885764081,0.9999999525996808,0.0128456858566702,2.4256281827591613,Npepps
2432,0.9225259438207528,0.0554043835154614,0.999105740590088,0.0193518816973398,2.862997220734227,Cul4a
2441,0.9969577180053252,0.0334690306050798,0.9948161254951874,0.0164710692201783,2.0319889472674744,Srsf10
2443,0.9566583760632852,0.0463325838480851,0.9993284834125506,0.0277938916854688,1.667005987229514,Atxn2l
2445,0.9999846622298292,0.066672494509228,0.9398155783369364,0.058247434008659,1.1446426034718808,Aarsd1;Gm27029
2448,0.9751511173996898,0.0471127863889963,0.9820592516921706,0.0250698182435036,1.8792631813836442,Mat2a
2453,0.9963050865351952,0.0271428686882204,0.995483675593617,0.0150833115853077,1.799529800515401,Usp39
2464,0.9308613604964197,0.0707373683732288,0.9383184233821176,0.0347808617398074,2.0338014883704982,Qsox2
2482,0.950552612007522,0.033855532077169,0.9512019196660824,0.0190789959054413,1.7744923393748124,Psmd1
2516,0.9941259565099746,0.0293262273739605,0.9142388435197548,0.0247785023401887,1.1835351052026968,Lbr
2522,0.9993302836760288,0.0666253633376557,0.9854277820706704,0.0329889888697392,2.019624293449356,Mob1a;Mob1b
2528,0.9876470758607538,0.054178311709216,0.9964436715366188,0.0305140294960726,1.7755213783282597,Puf60
2529,0.9899163798829952,0.0561438407589371,0.9988396976182912,0.0543161921468699,1.0336483199544857,Bag6
2558,0.9783447202941272,0.1940391914188899,0.9903636887984332,0.0933890618476252,2.0777507299033235,Tax1bp1
2559,0.9655929864581468,0.0525659966931545,0.9426320811799824,0.0269238490301157,1.9523953144424762,Smu1
2578,0.9779387337787104,0.0357540651277501,0.9398739063115524,0.0183019901456202,1.9535615986716235,Sec31a
2603,0.9757833395520772,0.0433142322679097,0.9894554443312696,0.0229277909142006,1.8891585512969118,Lrrfip1
2610,0.9475715204098506,0.0625276781940222,0.9895115677592308,0.029999421094257,2.0842961601679812,Esf1
2637,0.9459674330617672,0.035109909697129,0.9809008767326998,0.015010101583225,2.339085415408991,Thrap3
2651,0.9710456549903396,0.0565063543640753,0.9907691475730308,0.0346975515098519,1.6285401103311596,Nufip2
2664,0.9993184983221696,0.0438417765094551,0.9958146203487548,0.0309880438875616,1.414796515344194,Heatr5a
2671,0.9973823480281888,0.0414886983368149,0.979920362995621,0.0250696606915477,1.654936572428478,Rbm27
2676,0.9946218475757196,0.0546971560970252,0.982099657915326,0.03153314714852,1.734592358935933,Flot2
2696,0.9999695728376728,0.0354641597900161,0.9993146489414668,0.0243319696613508,1.4575129051861269,Tsr1
2697,0.9839843620022068,0.0803729317696214,0.9924409227790602,0.0385334278145467,2.0857976133459877,Rpa1
2715,0.9839983346438778,0.0374077900086261,0.9850866662046418,0.016995403697324,2.201053336233262,Arcn1
2721,0.9817776336508244,0.0378940435378251,0.9250492014013576,0.0194162416090506,1.9516672845769154,Cttn
2727,0.917674266848878,0.034165093649689,0.965455660314966,0.0199669359048876,1.7110834537875141,P4ha1
2742,0.9845821686259436,0.0492518323229341,0.9839110190759728,0.0242907588073119,2.0275954618638146,Caprin1
2746,0.9874752091952644,0.0285320676700412,0.9829524011761368,0.0124390992387635,2.2937406577743014,Vdac3
2747,0.9820900251952616,0.0300359809443213,0.9936459049023176,0.0135087340336558,2.223448982672199,Vdac1
2753,0.9833087541292987,0.0590850809704013,0.9430054022034796,0.0392588190498578,1.5050142210178203,Rbbp7
2758,0.9998044210624278,0.0279621952404927,0.9923225335326676,0.0153573329692558,1.8207715686357042,Tmpo
2762,0.997156427334479,0.0308655133245872,0.9999490316383528,0.0200682363621201,1.5380281937902403,Ppm1g
2768,0.9991562107466492,0.0508159004731938,0.9919008702479436,0.0243956757108281,2.0829880293350103,Prpf4b
2772,0.9745319358074618,0.0419587478881068,0.9557413197438434,0.01831334665732,2.291156754319153,Mapre1
2774,0.9393629074231092,0.049500358013022,0.9998000166383156,0.0238471226576489,2.075737132888227,Tsg101
2787,0.971674977671518,0.2749539881957188,0.9006202292943783,0.2941043045895762,0.9348859704022975,Pcolce
2790,0.9981957878130984,0.0337696559280493,0.9775621340382576,0.0139009974756293,2.42929732109174,Hadh
2794,0.968643332959664,0.0764626964455416,0.9999844956449933,0.0470649224410323,1.6246217454483602,Rad21
2795,0.9901538440751312,0.0311141458472191,0.9343563100234368,0.0160695658317412,1.936215711924294,Fscn1
2804,0.9923665007054344,0.074916854939493,0.994141056840715,0.0386684179424784,1.9374171203729187,Ddx5
2812,0.9763906462203726,0.1034977361871638,0.976592025272754,0.0790506002646004,1.3092593331452673,Itga6
2813,0.9850103503966569,0.0345235515890545,0.9210630584449172,0.0153464382888197,2.249613293933215,Phgdh
2844,0.9945953642095196,0.035674503648843,0.9766127463463188,0.0218273908410136,1.634391572895223,Trim28
2849,0.9813637789976416,0.0436415719064904,0.9905232160808064,0.0222923958737299,1.957688718327449,Snrnp70
2852,0.9821371488774864,0.037269499599124,0.9961056711445728,0.022672648312814,1.6438088345444952,Dbnl
2859,0.9899307138458796,0.0383537779943718,0.9937895392221178,0.0230890084958466,1.661127111684814,Vat1
2861,0.9872821788437968,0.0636539622287214,0.992781832516362,0.0217964615608718,2.9203805420871904,Zyx
2865,0.9348698294210128,0.044153734271349,0.9861300903575196,0.0255794505841031,1.7261408381769265,Sdpr
2875,0.9832822544871704,0.0731768283873064,0.9999703745283935,0.0382455083823711,1.9133443764349738,Cdk6
2880,0.9572083257484614,0.1519220302427006,0.9884226296946124,0.0614083582840388,2.473963390130037,Sqstm1
2887,0.9480372267452948,0.0790588048175241,0.9997080400610044,0.065421975116485,1.2084441760854587,Mrc2
2888,0.9289827743694404,0.0385062476857604,0.993415189375112,0.0204959078474695,1.8787285721776175,Top2b
2892,0.9833063625770896,0.0416186642826184,0.9970475051216782,0.0110859869302878,3.754168622453711,Nqo1
2919,0.950384475015487,0.0406404722253704,0.9999880007761488,0.0215883736170907,1.882516624281362,Cdc5l
2925,0.9802691096671792,0.0326300463928127,0.9796569399239496,0.0191534102209149,1.7036154928265335,Nop58
2938,0.9845603075117266,0.0301583321826662,0.9779301439439368,0.0160520204463902,1.8787873017846952,Tpm4
2946,0.9675490231075008,0.1278462354235345,0.9889143892194712,0.0921117790156341,1.3879466534007034,Tacc3
2954,0.9855883943912964,0.0619711739392097,0.9944986063531795,0.0282434777710888,2.1941764552326477,Sec24d
2962,0.9950633342446572,0.0571256844448608,0.9934312913422528,0.0439872239964037,1.2986881020164234,Zranb3
2971,0.9246262000989012,0.0368382918210275,0.9311153784971044,0.0125675988287988,2.931211627841917,Tnpo3
2984,0.9640046329476558,0.0295881868760563,0.992905633118602,0.0152623742264654,1.9386359184372195,Xpo1
3007,0.9904119877758956,0.0436923825270113,0.9994807318453246,0.027204484643982,1.6060727890567352,Ptpn23
3015,0.9141946422848842,0.0458348352580787,0.9604674811772348,0.0295457700649529,1.55131631896262,Pigs
3054,0.9163500925431624,0.0380773899826516,0.9758442186945572,0.0184412025035969,2.0647997317541913,Cnot1
3056,0.9178910264824056,0.0430457481112522,0.96795866440684,0.0195540683293096,2.201370445593202,Larp1
3059,0.9306128198936974,0.096672337620212,0.9940704640997226,0.0486768752373922,1.986001302440857,Nup188
3061,0.9946170037224836,0.0526048458150552,0.9973533699072856,0.0291275605887592,1.8060161837018465,Wdr43
3063,0.957978196191086,0.0344995148054921,0.9937605813711756,0.0179523499260887,1.9217269576144311,Rps9
3065,0.9884494382329504,0.0374794654351149,0.9987177179933772,0.0173897164150188,2.1552660515352273,Myl12a;Myl12b
3066,0.9999855976987634,0.0299062570364484,0.9752337146219988,0.0227183244397207,1.3163936062186137,Rpl35;Itgam
3067,0.9917577385567105,0.0308924765900838,0.9899519903390224,0.0157865539802179,1.9568853740211511,Eif2s1
3075,0.9858101550297804,0.0310063192488133,0.9862831989281036,0.0158525916665475,1.9559148372088295,Ppp2r1a
3082,0.9724475167541776,0.0396664722576866,0.9834671901015886,0.0208047077565767,1.9066104038470524,Snd1
3087,0.904880177746229,0.107862766474281,0.9900098223539608,0.0643221239121391,1.676915498337964,Brd2
3088,0.9992600602172388,0.0316372505094258,0.9983508586446164,0.0135730674503086,2.330884350589924,Rtn1
3094,0.9424290497386734,0.1667578949476641,0.9445160359111482,0.1131194003038935,1.47417591058361,Spag5
3127,0.9837156090256132,0.0318146264502685,0.9663913269044612,0.015716832260229,2.024239103879381,Pgm2
3130,0.9607772397475416,0.0424614086914085,0.9550322015975278,0.0232544488635072,1.8259477547989729,Ikbkap
3135,0.9769326182663524,0.0300155925614529,0.9705415370626316,0.0189288597533674,1.585705264476546,Eef1d
3143,0.9506902682399124,0.1952147288534201,0.9760987835280496,0.1174154516981164,1.6625982869386837,Nisch
3158,0.9348195221401008,0.0440221468229767,0.9907857373906254,0.0214592462328007,2.051430248080585,Mogs
3181,0.9973726136249303,0.0346370995785932,0.999923189820296,0.0164789809527908,2.101895722667683,Mtdh
3185,0.9448095080892864,0.0465539199428789,0.9595306832882255,0.0247684147999972,1.8795680029908157,Ubap2l
3188,0.9127853394748796,0.046248864181198,0.9990036042570026,0.0296546180145993,1.5595838785860996,Sympk
3192,0.9979522437777484,0.0501086023308829,0.9962266741384862,0.0270686932833659,1.8511644358420267,Dhx38
3199,0.9994863657358726,0.0454622474137489,0.9885756389182234,0.0200822953508734,2.263797370740875,Ddx10
3218,0.9630847916202836,0.0400767460387156,0.9920836702484463,0.0210386358400867,1.9049118176357216,Ddx42
3220,0.9999892048122766,0.0332253689141164,0.990811194534407,0.0223625433831834,1.4857598415706965,Grwd1
3244,0.9927504914106594,0.0398013608715347,0.9906098455082608,0.0201854388271054,1.9717857616297474,Psmd11
3249,0.943372934399899,0.120810838581333,0.9608708009011574,0.0601723801853834,2.007745716708069,Poldip3
3271,0.958538912530558,0.0571603419613199,0.9989516558198296,0.0329489499968781,1.7348152814197668,Fto
3277,0.9980425692704984,0.043111626897817,0.9996886668096568,0.0222951793044629,1.9336748231124206,Tm9sf4
3286,0.9981381117558168,0.027206322406743,0.9719971869879602,0.0188577153643879,1.4427157203847258,Ano10
3309,0.9999932864620974,0.2496222509750271,0.9936881960859876,0.1411845249799507,1.768056740003732,Cdca8
3310,0.9543329975729268,0.0347518913376805,0.9672964884886346,0.0230241542684407,1.5093666821593121,Noc4l
3335,0.9746688387269118,0.0275487158236351,0.953916771127536,0.0153036763563937,1.8001371162116586,Psmd5
3337,0.992152012580354,0.0282140623512632,0.9261597171142864,0.0162816201789585,1.7328780576594922,Ahsa1
3338,0.906946228598887,0.0437081181081996,0.9871576963426792,0.0134390038747872,3.2523331725649713,Rcc2
3342,0.9952893466872936,0.057223526410754,0.9995256506335748,0.0520631629960567,1.0991173627904272,Polrmt
3362,0.9572875272972372,0.0575430177382418,0.9426210383948682,0.0342841451388638,1.6784148330130662,Tmem214
3367,0.9989887132011324,0.0278054827621822,0.9843524069332652,0.015139245053047,1.8366492295192705,Dlat
3370,0.997242635770792,0.0417901132625658,0.9928316311413388,0.0213354787950688,1.9587145741591987,Eif1ax;Gm5039
3377,0.9875000771780236,0.036098756983487,0.9832131341884922,0.0192946247875703,1.87092298403968,Hadha
3387,0.9994452238264582,0.0327453391758965,0.986380370913179,0.0191598532730392,1.709060017801604,Rpl24
3394,0.9995038453416134,0.0337919413461695,0.9983328447543324,0.0169422715080264,1.9945342824992842,Taf15
3396,0.9912265914078504,0.0480697430625477,0.9951654078367844,0.0248727900750814,1.9326236790261007,Heatr3
3401,0.9933870754722692,0.0357734864731975,0.9934817921813812,0.0205904952431666,1.7373786327489966,Scfd1
3424,0.9036207216801208,0.0329316668052126,0.9885123227243926,0.0139998070343653,2.352294336941595,Iars
3427,0.9983902349466616,0.0689999462751053,0.942300748664856,0.0763017245011833,0.9043038899341684,LRWD1;Lrwd1
3439,0.99624377627186,0.0397181131734365,0.9633159008329149,0.0239860825295345,1.6558816190401608,Dpp9
3446,0.9927876018171946,0.0705935794201704,0.9895589336100056,0.0413449428593195,1.7074296041567272,Steap2
3450,0.9743034816097832,0.0610887399083577,0.9978318950185172,0.0341026238739463,1.7913208125615292,9030624J02Rik
3454,0.9953778707348117,0.0331263662840995,0.9870355897552516,0.0181450808677704,1.8256389445438685,Etf1
3456,0.9485781334940652,0.0330896974774466,0.9887758045906628,0.0132970338759297,2.4885021566610876,Naa25
3468,0.9936732460305192,0.0367782318878366,0.9422479743847534,0.0269826725551741,1.3630314718689396,Hat1
3475,0.9996566756438628,0.0358459740566412,0.9995178557285436,0.0259107062457509,1.383442570675571,Yars2
3508,0.9917218414885126,0.0371819550809935,0.9951059360211848,0.0187880655520526,1.9790198718425995,Lnpep
3523,0.9366714924815503,0.0370972969630432,0.991432571655304,0.0139065917379587,2.667605238009855,Rbm14
3528,0.9999560653078547,0.0411427735782954,0.9900315022947196,0.0241674416714156,1.7024050016414283,Kntc1
3542,0.989975550027826,0.0380742035485026,0.9586458210159632,0.0218210254522005,1.744840251981058,4931406P16Rik
3555,0.9838386067143216,0.0339184375611458,0.972993937764407,0.0269616381492586,1.258025842991239,Emc1
3572,0.9468934503369558,0.0482737195028246,0.9887230601386188,0.0249042949980522,1.938369245409282,Dctn4
3611,0.994120560620134,0.0578643408623301,0.9990789767281018,0.0313870055758064,1.8435763399785055,Ogt
3615,0.9740832991427856,0.0713458388191006,0.995843531652093,0.037097435403692,1.9232013761253195,Trim32
3630,0.9903765277529772,0.0532780579351513,0.9919443263230088,0.0244546414777098,2.178648089513551,Pdlim5
3663,0.9330185090033384,0.0633164220887286,0.9997151247725208,0.0353553321240312,1.790859208070969,Pvr
3696,0.9440769580565426,0.1523871749426399,0.981035961128082,0.0932839053017487,1.6335848552835326,Anln
3718,0.9773869558226806,0.0369683198123915,0.988316267216688,0.0184074025083097,2.0083398402193247,Matr3
3719,0.9978494069741524,0.0913425552881171,0.989331273519914,0.0984338101055073,0.927959155398035,Champ1
3734,0.9848340945996972,0.0765159072863428,0.995189997568793,0.0561123910255406,1.3636187281970422,Irf2bpl
3736,0.9333565841214184,0.0300264334484115,0.9609534253070576,0.0145411186891133,2.064932835662211,Pitrm1
3754,0.9948123869439384,0.0430561693129293,0.9999437014483116,0.0279525775603135,1.5403291242114134,Sf3b4
3756,0.9852311406134489,0.0342486802254555,0.9608691760841178,0.0195393881021631,1.7528020860419888,Aimp2
3758,0.9886482888342796,0.0331869294183315,0.9382641038494342,0.0178613314656848,1.8580322235265745,Gspt1
3761,0.9957076001530212,0.168433482391236,0.9014063433294136,0.0740107797671807,2.275796619372007,Gtse1
3769,0.9218090596515136,0.0824782644619395,0.9875574392406712,0.0589722530921937,1.3985944259751768,Vps37b
3778,0.9900739032718272,0.04362721394769,0.945014567076722,0.0287001576201989,1.520103635841553,Fam129b
3804,0.9991166752508728,0.0370490102470133,0.9721575857557,0.0152183248796708,2.434499890096625,Ptrh2
3849,0.9955889877341472,0.0391770256499428,0.9993885094022829,0.0203980811157639,1.920623093300001,Arl6ip5
3882,0.9982808609403478,0.1102485214644891,0.9801451235473684,0.0592387393040442,1.861088246639349,Micu1
3883,0.982568630148514,0.1141251531770878,0.9976966950393388,0.0528940275094246,2.157618894812899,Utp6
3894,0.9843699114807226,0.0609952075177001,0.9004972231552261,0.0277340423388945,2.1992901998335745,Hdlbp
3908,0.971585976585062,0.0247199188799619,0.9254696829474508,0.0134371674246014,1.839667401531628,Ddx39a;Ddx39
3931,0.9872247841800806,0.0301027595764793,0.9694527377616284,0.015671431605042,1.9208685163641517,Hnrnpu
3940,0.9053898081280723,0.0388858006028843,0.941206541724418,0.0157793987305138,2.464339818455055,Flnc
3941,0.901394950197721,0.0796549693009811,0.951834436424866,0.0471043235788808,1.6910330782606622,Cspg4
3952,0.9974091455131782,0.0279456136863683,0.9998058523662764,0.0168868938528371,1.6548699796365018,Acot7
3961,0.9600215631044052,0.039571072306664,0.991331487322067,0.0190836863604199,2.0735549494638263,Idh3b
3971,0.9975702140026136,0.0381333877770395,0.9984795828927489,0.0204363022007309,1.8659631963984007,Bzw2
3973,0.9103127028373048,0.0322418006190597,0.9704042077319875,0.0158173970808615,2.038375875261497,Ddx1
3996,0.9078675417742934,0.0479074645784161,0.9157774177029436,0.0272051517578652,1.7609703119765068,Eif3h
4002,0.9834923521432604,0.0316383590218089,0.988244722868349,0.0139134170071542,2.2739460051790754,Yars
4020,0.973689670774512,0.033175721490668,0.9719236024873006,0.0188167342183,1.76309667266296,Basp1
4038,0.9719539061154794,0.0317038125274489,0.9711076323210346,0.0194846141143084,1.6271203700240289,Rpn1
4043,0.944112249036423,0.0481338586349413,0.9926267392786808,0.0650317962543788,0.7401588362508178,Camk1;Camk1d
4051,0.9884902284364232,0.0348478217904677,0.916778847552176,0.019063587927488,1.8279781289344927,Fen1
4091,0.9982107614396248,0.0342024672154549,0.9996959114036202,0.018715039069001,1.8275391832927983,Tor1aip1
4096,0.9232419289430076,0.0290006883254988,0.971733276116967,0.0253744890793009,1.1429072812014156,Pdia5
4113,0.9941746165581816,0.0370957093246776,0.9731587713844972,0.0208854920266302,1.77614725462912,Lrrc59
4135,0.9587421481663826,0.0453864042741293,0.9992290393833928,0.024234714458267,1.8727847754214817,Mrps2
4142,0.9569794423088976,0.0262937799068753,0.9810258658359848,0.0182857765749504,1.437936190410148,Atad3;Atad3a
4146,0.9932321679611664,0.0365874006648946,0.997351658244268,0.0215736210433414,1.6959322958065555,Wdr77
4158,0.9247177648172896,0.028055506648696,0.9983371801413772,0.0205040159565379,1.3682932508521695,Stoml2
4161,0.964942340028319,0.0321660745715999,0.9598474750763496,0.0307948190740229,1.0445287726575323,Psip1
4163,0.9635842946589788,0.0247450127936167,0.9997310582032852,0.0138785721003577,1.7829653234268195,Psmd6
4165,0.9874664249604628,0.0857812513366363,0.9999887919328068,0.05331245912898,1.6090282222604635,Klhl22
4170,0.9713512465066304,0.0373586983351067,0.966467981199614,0.0163239837782326,2.2885772763951824,Eif3m
4172,0.9476573543028912,0.0304877481474438,0.9836361711696616,0.0173411577589931,1.7581149177674078,Hadhb
4179,0.9980025970040304,0.0394528663598137,0.975011477359176,0.0178831554623475,2.206146809095333,Nono
4182,0.988941257476,0.0328401636931542,0.9298573471653728,0.010531475989605,3.118286907321328,Psat1
4186,0.9444750994491276,0.0309068531885237,0.9302707609759924,0.0221688464760556,1.3941570312152216,Me2
4189,0.9953336533515988,0.0525554258112905,0.9931494467163428,0.0267818916683895,1.9623492792079862,Stk24
4190,0.9257398989435336,0.0306379393297997,0.9865762555426084,0.0169615666187613,1.8063154199395046,Aco2
4196,0.9767507068566152,0.0333112506016393,0.9925961691271856,0.019084708261958,1.745441960359405,Prpf19
4213,0.9946653413230532,0.0350126517054489,0.994353620112801,0.0158175485776472,2.2135321117285858,Capg
4221,0.9683700445833996,0.0383990892366933,0.9689925787738723,0.0199060032858786,1.929020541453129,Eif2b2
4225,0.9308982991727748,0.0355359183586523,0.9775542107712188,0.0195698144108028,1.815853620923252,Tnpo2
4227,0.969606875274564,0.0907964012013125,0.9852461442777868,0.0348705148762486,2.6038159035947235,Gnl2
4236,0.9961165300311716,0.0270462713663417,0.985386943477648,0.0156110339699557,1.7325099297326332,Grpel1
4239,0.9997256268603242,0.0359705834585495,0.9676639024100412,0.0148307811675679,2.425400459499081,Park7
4249,0.97877178596321,0.0438705186623696,0.9459005142165676,0.0258600883607638,1.6964566420017386,Gtpbp4
4252,0.9742111367830898,0.0289848681391439,0.9841974750882077,0.0158644590382912,1.8270316100400692,Kars
4277,0.998523068996273,0.0308033464287685,0.9407407119355689,0.0145800325084677,2.1127076644636236,Arhgdia
4280,0.9768306707322,0.0370513602534017,0.956936364632667,0.0159134284909854,2.3283078360134946,Igf2bp3
4285,0.992670562072651,0.0325885185510947,0.9599106881831472,0.0181721323201219,1.7933238640910412,Rpl17;Gm6133
4288,0.9990513281260436,0.0316786532389793,0.9796851664635352,0.0205286318010079,1.5431448888583001,Psmd8
4289,0.9927358767403902,0.0724446391201407,0.9855101892626744,0.0326842214299161,2.2165019067528284,Pno1
4299,0.995691178454693,0.0503769892759675,0.9886128147602274,0.0254196400153922,1.981813638803029,Ftl1
4308,0.9878353281214848,0.0349179139134196,0.9998736469570128,0.0158435698136366,2.2039170669330885,Pgls
4312,0.9780506421644916,0.1456359567679023,0.9999931105516408,0.0727317755734069,2.002370430526813,Txndc9
4339,0.9998787112580468,0.0356867254026144,0.975032520594771,0.0148533372175087,2.4026065577066333,Rwdd1
4356,0.9989140203571804,0.2145972914390826,0.9872858511380448,0.174198488347568,1.2319124779711592,Zwint
4358,0.9656163517881132,0.0340552181898653,0.9870802035920144,0.0165190443987028,2.061573137519963,Ywhab
4371,0.9854151899783282,0.0368348373921732,0.9900179022306056,0.0177579895268533,2.0742684489408134,Vta1
4373,0.964374894215521,0.1340194826135378,0.9907159141394536,0.0525378026305836,2.5509152629752663,Nsa2
4375,0.991187609059344,0.033948448865032,0.99099734382309,0.019295532036297,1.7593942888525314,Rpl14
4384,0.9801615579233688,0.0556016347516249,0.9795575718338592,0.0258276211694964,2.15279736320792,Golph3
4390,0.9809683442153454,0.0936340676366627,0.9990686315951748,0.0493622212455509,1.8968771111592166,Ociad1
4399,0.9297946786515762,0.0499478671727769,0.995637340754152,0.0271922037155633,1.83684513749761,Smc3
4413,0.936845763768545,0.0875521028619248,0.9986604800229324,0.0709043450049216,1.2347917868199425,Steap1
4417,0.956994197244542,0.0430159713743377,0.9929024581741815,0.0348695089681521,1.233627104230981,Nup37
4440,0.9914600609361072,0.028048835421188,0.9870438419471932,0.0127083325231324,2.2071216164773766,Cacybp
4441,0.9958348511520594,0.0329645401972529,0.9991383357166028,0.0181180175889474,1.8194341646606182,Rpl11
4457,0.9589418156686074,0.0640540108318916,0.9648629587788652,0.0272114275471561,2.35393790792082,Rrs1
4463,0.941444895954477,0.0337482067466862,0.97641514827479,0.021004637128995,1.6067026790050973,Uqcrc1
4466,0.9929679706442668,0.0304663431035388,0.9970181256583234,0.0144810781376139,2.103872571780684,Ola1
4472,0.9882888295332614,0.0374469966837976,0.9908841392713228,0.0132584556831419,2.8243860053332894,Gars
4485,0.9912584659271668,0.0289468853704121,0.9720456605704486,0.0139542986910586,2.0744063181734957,Cs
4505,0.983560450677425,0.0524086716116513,0.9973357797585802,0.0264273288242224,1.9831240591979649,Dimt1
4518,0.9895885964480324,0.0283442051303913,0.9485310279128726,0.0201633097864099,1.405731768774159,Oxct1
4523,0.9468274522307296,0.0304177823286713,0.9990308376296188,0.0174645447745836,1.7416876718675616,Cyc1
4544,0.9852217652476656,0.0422137597636187,0.9999988391225498,0.0232488156751708,1.815738072572102,Tbcb
4556,0.9251632907865028,0.0367919291330889,0.9708724084476476,0.0179252398419663,2.052520884376241,Chordc1
4559,0.9937142049695736,0.0321159156910496,0.999329176091359,0.0202196069672179,1.5883550923180265,Rpl34
4566,0.9938334306516516,0.0268200357179892,0.990366909024654,0.0186157697520153,1.4407159131889091,Dlst
4594,0.9267278057795084,0.1224979551160294,0.9906964661137998,0.059350629540469,2.0639706110025773,Sun1
4601,0.9986735025508928,0.1181994074725151,0.9851720115746104,0.0617710326107672,1.9135086864633695,Nosip
4624,0.9685014015915068,0.1092114627299546,0.9481854239000808,0.0688240285792431,1.586821710156213,Nol7
4630,0.9758918269864024,0.0439558658123339,0.9875048059160872,0.0260655361703613,1.6863595486792786,U2af1;U2af1l4
4636,0.9932151664679566,0.0894685328998964,0.9938447376649486,0.0470764658349356,1.9004938309005666,Rpl7l1
4644,0.9836117412629496,0.0324237925378821,0.9510321430916164,0.0168186618396602,1.9278461536947804,Psmd12
4650,0.9994999205771398,0.0551058217327903,0.9913708459731988,0.0308380368633644,1.78694324729393,Ebna1bp2
4663,0.976507576056216,0.0350366501528755,0.9881569892803116,0.0136690501681781,2.5632102978480336,Serpinb9b
4669,0.997130765324442,0.0274034349982792,0.9953526383304042,0.0160496697277048,1.7074142622994681,Atp5o
4678,0.9889050059462672,0.0448872004322405,0.9967588068468034,0.0228810705240756,1.9617613775985665,Ngdn
4688,0.9655702366131228,0.0369587282317902,0.9915973395468224,0.0177707984906646,2.0797449394975387,Ap2b1
4690,0.9786823338168624,0.0366129559657345,0.9303852114924432,0.0230033020692584,1.5916391418718983,Rpn2
4693,0.9811034770542963,0.0300894571575039,0.9924371723573302,0.0118517503735124,2.5388196856348864,Pgam1
4710,0.9832525431465108,0.0392625949761177,0.9922252893807478,0.0224860701192637,1.746085232673967,Dnajc10
4716,0.9333409203523528,0.0775128529847204,0.9707941268667762,0.0303032591509785,2.557904831243787,Crot
4721,0.993061171126289,0.0406498675008144,0.9801624029984998,0.0181656426765332,2.237733518414234,Brix1
4725,0.9877540944125917,0.0436238350100324,0.914916376560979,0.0214520691746925,2.0335490555613367,Xab2
4729,0.9972977244314952,0.0596914692510228,0.9253276157421032,0.1037160131610001,0.5755279964180915,Ssr3
4730,0.9719700225969596,0.0389617023901993,0.9950546893928478,0.0208594391295126,1.8678211886855116,Eif3f
4732,0.9138800330918618,0.1126079559211684,0.918474852211828,0.0470434836115932,2.3936993452886592,Ndufa8
4744,0.9971984123394372,0.0323827022024137,0.9987588924981586,0.0186559233619686,1.7357866225173342,Atp5h
4750,0.9775716292980864,0.0693344425088137,0.98766687236077,0.0412455100979627,1.6810179421744729,Parva
4762,0.9511876060243764,0.036186825080937,0.9346984847873576,0.0216299224258524,1.6729983755136344,Upf1
4764,0.9986384338204656,0.0503532091417809,0.9987627023498976,0.0262335749078994,1.919418505429035,Tnfrsf21
4772,0.9674659498792232,0.0364822655405383,0.9877762048782596,0.0186804987998455,1.9529599252906478,Vps35
4794,0.9837385559850984,0.2456643538709678,0.972797914132694,0.1471527693798874,1.6694511078943026,Nusap1
4814,0.9976961928501096,0.0323366294463101,0.9721670515542948,0.0169658347760816,1.9059851680212172,Anp32b
4818,0.9764936717501936,0.0335296002429317,0.997317827560252,0.0137845702705129,2.4324008354947524,Dkc1
4826,0.9761037007876732,0.0411895256197318,0.9998404043348342,0.0175362179871428,2.348826049603804,Tmod3
4836,0.9875030130230226,0.0801416461632595,0.9782045118698453,0.0392522603181278,2.0417078026522675,Utp3
4842,0.9347974350475916,0.0347323058666574,0.9840297231744168,0.0154181798769375,2.2526852160163178,Copb1
4846,0.9348847471086804,0.0339739967452488,0.9870114910296268,0.0169612215257028,2.003039503597372,Akr1a1
4855,0.9629127258362729,0.0362449497408049,0.9891672821468432,0.0196549141386113,1.8440655342066916,Flii
4874,0.9830032191883136,0.0533708605505489,0.9138944330129036,0.0460941578649582,1.1578660512013088,Sh3glb1
4875,0.9989039992429778,0.0302099737485686,0.9925642056073284,0.0150016491431541,2.013776849484226,Myg1
4879,0.9988478845812288,0.0718515089350688,0.9950549567344924,0.0358508963712475,2.004176079477161,Ybx3
4880,0.928686730216816,0.040986005031841,0.9419094936286436,0.0223455904717502,1.834187603306184,Iqgap1
4884,0.9652340681855528,0.0557398166279956,0.9999865358314588,0.0296216085899098,1.8817282140100458,Aatf
4895,0.998515117850818,0.0647184341259094,0.9765520042331644,0.0277104990014658,2.335520342758389,Elovl1
4912,0.951729026920343,0.1083609376687608,0.996617963368526,0.0444824379593306,2.4360386399646763,Acsl4
4937,0.9999997194446376,0.0282884562546707,0.9998050557387844,0.0160144421384293,1.7664340730788166,Tspan3
4943,0.9648417061958212,0.0537296945475986,0.9949904826765236,0.0321763768902884,1.6698491172825463,Add1
4949,0.9898201965672891,0.0405720608725167,0.968698103898723,0.0205584435583381,1.9734986628431541,Dnaja2
4950,0.9844550181926666,0.0378471189607809,0.9959829894912198,0.0177030611096108,2.1378855739380636,Dnajb1
4955,0.9075706669408412,0.0504700958350068,0.959380087116828,0.032171239668954,1.5687954941851876,Actr10
4960,0.9909814551694726,0.0433267413763308,0.9852650871206786,0.0235342576494547,1.841007352842281,Eif3i
4965,0.9764249865333476,0.1470875849465572,0.9998041076833104,0.0793085626614914,1.8546242676766624,Serinc1
4968,0.9910966093770492,0.0288279882844,0.999645501885185,0.0142252174742201,2.026541129275811,H2afy
4976,0.996680428338147,0.0369291231028141,0.996930723044962,0.0185739275582338,1.9882237069694753,Tbl2
4979,0.9686101246750086,0.0422928417679481,0.984367191540358,0.0324635214488564,1.3027804711382585,Plod3
4987,0.9964315356592228,0.0307193593204496,0.9989508368501222,0.0143582182779049,2.139496609250048,Ptges3
4989,0.957102182272536,0.043568806376842,0.9884787558329852,0.0226206172580629,1.9260662023408013,Ak1
4991,0.9898557196032768,0.0325702254890754,0.9611016794947186,0.0175717033192042,1.853561086105935,Mta2
4993,0.9934078937482688,0.0305269603939716,0.9666231994396222,0.0148543215356091,2.0550895118832395,Psma4
4994,0.939276717548515,0.0379351376558972,0.9948195814560988,0.0194106672001282,1.9543448591837507,Psmb3
5019,0.9950590016823662,0.1973122231264842,0.9993996695012286,0.1038853281846668,1.8993271386286765,Incenp
5026,0.9985354700363968,0.0427572783048978,0.9978163042386043,0.0179984644533198,2.3756070089085437,Eif4h
5028,0.9997730541724036,0.0344674055444807,0.999594455971362,0.0197111512785826,1.748624677338441,Coro1b
5030,0.9937819798360524,0.0291659027771806,0.9995498073484788,0.0139839593750299,2.0856684430348067,Suclg1
5046,0.9429144315694548,0.0342405969893526,0.98152583244908,0.0168929121220214,2.026920920562711,Tagln2
5060,0.9936208873636342,0.0515058721924439,0.9996126380460668,0.0256293368993424,2.0096451341964077,Celf2
5066,0.9931476734263784,0.0284842758718385,0.975864704263086,0.013810966674706,2.0624389691712044,Eif2s3x
5071,0.9908542674914148,0.0450960995579099,0.9992271422392652,0.0269985480359822,1.6703157331945504,Nup160
5083,0.9867082072546312,0.0695142620852322,0.9728416288586506,0.0366195246010232,1.8982841214516992,Atp6v1c1
5091,0.9083339584231548,0.0319086759654927,0.9760020852509576,0.0182658409734153,1.7469042904694956,Vars
5099,0.9681476202882504,0.0339721270861301,0.919438876315813,0.0131374360960777,2.5859023661605316,
5110,0.9109752766135146,0.0360116004422755,0.9852307358862002,0.0210451622969939,1.7111581243267204,Suclg2
5111,0.9983105628871284,0.0347918765105445,0.9939030250271732,0.0177833899862118,1.9564254361806206,Sucla2
5112,0.968832922129019,0.0975777683473285,0.9545011345190372,0.0707018691802021,1.3801299665589628,Minpp1
5117,0.9618296370873656,0.0334057384692292,0.987032159976236,0.0155417936284908,2.1494133346353728,Psma7;Psma8
5118,0.999898908834602,0.030277048827933,0.9781234149944624,0.0133243254044122,2.2723138252017696,Psma5
5119,0.9988077106346964,0.0402261847163971,0.9844377960026396,0.0204070522274512,1.9711903643920488,Hnrnpf
