,Protein_group_ID,k_computed,r_sq
0,1155,0.05269687852073259,0.9914172004777513
1,2204,0.02460497581504222,0.970729991551093
2,3615,0.03709743540369205,0.995843531652093
3,3340,0.016534845236294643,0.8855793289593206
4,3184,0.034151385903395934,0.9992681996798134
5,2477,0.022980618277675377,0.8889785215380951
6,3614,0.028386415676285474,0.6279058710056374
7,828,0.03112556063244996,0.9815343104062401
8,1382,0.04031071607669116,0.3310378001291918
9,1467,0.022296035210606947,0.9877549269800859
10,3244,0.020185438827105495,0.9906098455082609
11,701,0.023303390785157526,0.844661691182834
12,480,0.034682297156392206,0.16248870625702516
13,1824,0.0605703834950653,0.5595833047430898
14,2054,0.020907295254592593,-0.12610711688269194
15,3075,0.0158525916665475,0.9862831989281037
16,2947,0.022070123458901376,0.8961921744613213
17,2544,0.07509169427505899,-0.35935451753400693
18,2330,0.020620079766661355,0.1980242373908767
19,1801,0.021912932047924258,0.9716295805606402
20,994,0.015927511523728292,0.979554807457956
21,3015,0.029545770064952993,0.9604674811772347
22,1865,0.04468301211484465,-0.36730391337987167
23,5071,0.026998548035982263,0.9992271422392653
24,4432,0.09941088985934023,0.39575946903230896
25,4732,0.047043483611593266,0.918474852211828
26,2741,0.013694138227362505,0.6310850250852257
27,1114,0.03979267457852075,0.6238442691078208
28,3727,0.14013003042344097,0.131978774481048
29,4637,0.024403316341695066,0.5899023462855815
30,988,0.015399143241562888,0.8561056781820996
31,4842,0.01541817987693756,0.9840297231744168
32,4601,0.06177103261076723,0.9851720115746103
33,4624,0.06882402857924318,0.9481854239000808
34,93,0.019380138785697144,0.9907651881983023
35,1130,0.02579768333631486,0.9999811722723828
36,162,0.06143196148842872,0.08668606104533905
37,1869,0.02613962316382829,0.9626724509572807
38,1722,0.016832962385939714,0.35796835288529516
39,3230,0.017101805993206133,0.8862330996276733
40,3143,0.11741545169811647,0.9760987835280496
41,3082,0.020804707756576734,0.9834671901015886
42,2896,0.01965584627578034,0.5138254958780999
43,3961,0.019083686360419988,0.991331487322067
44,3044;585,0.06445933599732692,0.2980019448901101
45,3927,0.04277388957258775,-0.009801523252204403
46,4796,0.024202441224818426,0.12476600676241612
47,353,0.03985011170467212,-0.28449840749179
48,3894,0.02773404233889452,0.9004972231552261
49,3882,0.059238739304044226,0.9801451235473683
50,5048,0.01660123854691511,0.9943123927251298
51,998,0.1701095594443181,0.9703723261628108
52,3651,0.04045701741565831,0.9935680335902338
53,2746,0.012439099238763596,0.9829524011761368
54,3055,0.014899242246609252,0.8712203715320416
55,1398,0.0483024152315476,0.9919797130199598
56,1742,0.060591668559717406,0.13534748230999494
57,2194,0.02949615234598074,0.9280316837904169
58,1758,0.016212362633154172,0.2885527445590822
59,982,0.02156538563961407,0.9008325380586686
60,2016;2017,0.014629553059918206,0.9412122093349006
61,2393,0.03945524772286822,0.970641264670368
62,1726,0.017154733432951492,0.9990571322625554
63,1173,0.019654128808308365,0.6873663265212998
64,600,0.027347282477543495,0.9984596519847293
65,10,0.01573759504654127,0.9931204711772124
66,4101,0.01797539425179361,0.21922446693895603
67,3115,0.019671037670103624,0.4242190666570781
68,1274,0.047916821612656,0.9417783619380033
69,2980,0.03402859864745969,-0.07675278470888358
70,3168,0.01886683703812786,0.9661183270889891
71,3606,0.025491561772977234,0.97737513322583
72,2553,0.1261202732186471,0.0943639772536391
73,1812,0.039780636434398116,0.9454463729473301
74,4725,0.021452069174692587,0.914916376560979
75,2218,0.0151098461991504,0.9984992621311757
76,2814,0.025830596521878652,0.2922643538656874
77,1842,0.02966711063238519,0.2343714471398084
78,2706,0.0222465214896801,0.08857620929505272
79,1535,0.024214025534182646,-0.03862147726603338
80,2154,0.01493467978180238,0.9766707570577229
81,4509,0.019588522448941395,0.9995007910370747
82,3409,0.0281992576588376,0.9980073497285367
83,3699,0.02341339818100316,0.991181304996912
84,4845,0.02503232028825396,0.8643043453568888
85,3824,0.02601307949521664,0.9926072957105112
86,1942,0.019363772998544714,0.9839595490841428
87,4821,0.04880089259973429,0.09186409224805958
88,2862,0.058338251750964604,0.9295816892283641
89,5087,0.03693686355404904,0.96683580752493
90,542,0.020648736071933845,0.9933177188311406
91,2893,0.017415145831660914,0.1363836840704883
92,3338,0.01343900387478723,0.9871576963426791
93,4888,0.013998918840816412,0.8867966616989503
94,1641,0.03040632980634362,0.7764715669515769
95,2897,0.017146729339305184,0.8326036923737341
96,3026,0.1381695749225244,0.8448885607443972
97,1965,0.026506276629140995,0.40423066684283193
98,350,0.026674606262341995,0.34355042449953155
99,4384,0.025827621169496495,0.9795575718338593
100,3061,0.02912756058875922,0.9973533699072855
101,2919,0.021588373617090727,0.9999880007761487
102,2048,0.01200277897692652,0.9944045497286019
103,1709,0.028474458788829638,0.48651525779982197
104,1232,0.03653204270711564,0.06353686246435886
105,3754,0.02795257756031353,0.9999437014483117
106,612,0.029758583891874274,0.6602286278472737
107,3190,0.016416491584233583,0.7431157583862213
108,1181,0.0221959249471481,0.9585235585768089
109,2988,0.012788981609692789,0.9846979877971874
110,3362,0.034284145138863846,0.9426210383948682
111,4518,0.020163309786409993,0.9485310279128726
112,4507,0.013694199659232043,0.8405308128183876
113,1956,0.017328063327464525,0.9863207076007466
114,5005,0.014926737460013495,0.9658426791101007
115,4306,0.03259756948843534,-0.19887735994336908
116,3158,0.02145924623280073,0.9907857373906254
117,1712,0.043303741258821596,0.07195228823731348
118,1995,0.016356554431413227,0.5773567184186386
119,2274,0.028714144582909367,0.73598317485822
120,3771,0.03636340666772092,0.10087706832902865
121,4375,0.01929553203629703,0.99099734382309
122,1564,0.018098542555066946,-0.020872182714654297
123,2559,0.026923849030115774,0.9426320811799825
124,3523,0.01390659173795877,0.9914325716553041
125,1925,0.012748717587139633,0.28078954651311727
126,3394;2069,0.015424227893481674,0.9909043011933445
127,3394,0.0169422715080264,0.9983328447543324
128,2069,0.021374585331813894,0.8656950169721618
129,2448,0.025069818243503687,0.9820592516921706
130,2356,0.06450783693199785,0.9699278276458742
131,3450,0.03410262387394632,0.9978318950185171
132,2940,0.0140969119809476,0.9963821929667755
133,2998,0.05605800615427576,0.9271629291989129
134,4847,0.021967628347344042,0.45033143256760133
135,1437,0.019629422084066366,0.9964131418684657
136,339,0.025033334487864496,0.72320023433377
137,1425,0.013102308943303177,0.9906154881910341
138,4929;4930,0.026788189197247136,0.41848000705159527
139,4371,0.017757989526853337,0.9900179022306056
140,3607,0.01982392473986888,0.17367782473995985
141,2551,0.0741251258883233,0.4517692464586972
142,4478,0.01482185887001169,0.9826390468033206
143,5060,0.025629336899342436,0.9996126380460668
144,2323,0.033618292754466844,0.9916489407052563
145,2760,0.0177349417157178,0.9430237764200607
146,4701,0.029922167071878433,0.6412779738610672
147,2974,0.01825495807201103,0.9669532975248886
148,1387,0.015367688960441911,0.9966923071737249
149,749,0.028412077898579993,0.9230340819178885
150,3046,0.030363792792990885,0.05639619608731461
151,1796,0.023581081128920503,0.9368288708952354
152,3333,0.04027318541868754,-0.35471245057002276
153,1325,0.020177984511808807,0.9863061146929741
154,3202,0.02393788744541296,0.930556904737388
155,4077,0.18966465280005632,-0.2992721743051918
156,4485,0.013954298691058643,0.9720456605704486
157,3007,0.027204484643982015,0.9994807318453246
158,3008,0.020668459691449342,0.857866902623759
159,157,0.07718551893479787,0.016691944287119953
160,4172,0.017341157758993177,0.9836361711696616
161,1464,0.07656479297944806,0.4048413369183036
162,2125,0.015539266813603589,0.996131720551802
163,983,0.03484202738641439,0.5141838012978006
164,3977,0.05808455264044815,0.920850897532601
165,4103,0.014126936583044732,0.9329031329285195
166,712,0.026869141807811144,-0.04329269655289503
167,3130,0.023254448863507277,0.9550322015975278
168,2975,0.0548074790193349,0.5745102958081165
169,1983,0.015818638329720313,0.8433970824826129
170,4523,0.017464544774583677,0.9990308376296188
171,4686,0.03009105203473713,0.8530625042835203
172,4883,0.060038939325692105,0.20518594373999866
173,4189,0.02678189166838951,0.9931494467163428
174,4703,0.0242640341758183,0.7723110336659285
175,4852,0.0331576225175316,-0.3929269900302934
176,4087,0.019565501097635322,0.9090372672456365
177,1371,0.039320729291005246,0.9821427432928204
178,2436,0.06865283926449009,-0.39136910202047925
179,4387,0.037557408532232175,-0.22609070801890163
180,4678,0.022881070524075692,0.9967588068468034
181,3111,0.014372453727491684,0.9808434911457636
182,3152,0.03585854798618518,0.8434873397245479
183,4090,0.03775328865445698,0.9879582118841382
184,4106,0.029711643235768418,0.9276183948463674
185,4157,0.09856454592369776,-0.0915406165692434
186,259,0.029879493314036974,0.967463089832079
187,4899,0.03178544718046642,-0.2514491364660636
188,3335,0.015303676356393759,0.9539167711275361
189,4091,0.018715039069001044,0.9996959114036202
190,675,0.0853409158667843,0.987389577046487
191,966,0.13194096572714506,0.95016333900799
192,2977,0.025344656819707413,0.5215946139723315
193,3351,0.06664037046984164,0.34427208049365554
194,1279,0.033269002648027804,0.4770090491707989
195,827,0.02003613150389311,0.9952903763165192
196,1170,0.07776089603316885,0.6940718841438012
197,991,0.0686738871829958,0.9997401389111792
198,1930,0.014083522090709438,0.9849680934361035
199,3457,0.058780145333788926,0.517182624428682
200,4515,0.018906258051669886,0.9532445170363255
201,2844,0.021827390841013632,0.9766127463463187
202,4968,0.014225217474220182,0.999645501885185
203,3952,0.01688689385283711,0.9998058523662765
204,1846,0.0181652437585912,0.9950712641403177
205,4308,0.01584356981363661,0.9998736469570129
206,4716,0.03030325915097859,0.9707941268667762
207,1586,0.05070750178896087,0.8735287129938247
208,1733,0.013665625974504747,0.9947212365901126
209,2313,0.013737252210563078,0.9979930375483725
210,3256,0.025121613627028958,0.6840746087621864
211,2888,0.02049590784746957,0.9934151893751119
212,354,0.022435690291364208,0.932338313644825
213,48,0.04251019441291133,0.8921676702702546
214,348,0.027382681785392795,0.9917024529727415
215,3588,0.20811632718704362,-0.3585987456199031
216,2868,0.059513698196347296,0.3075405079481922
217,4115,0.016529678427121035,0.9867116422062528
218,672,0.2167826989247602,0.41029550462535336
219,4395,0.0558611801874067,-0.08385278676903773
220,472,0.036291801020442924,0.9866721224910247
221,2603,0.02292779091420062,0.9894554443312695
222,2759,0.03326170857598403,0.34907279295403604
223,185,0.01780244106836234,0.9399213218358605
224,4831,0.016922010706019206,0.6532332660687485
225,1046,0.04793510459182449,-0.3847188678103681
226,4301,0.018392894555731506,0.7359143619340001
227,5099,0.013137436096077752,0.919438876315813
228,2360,0.016089782921901066,0.9751205598155448
229,2959,0.1705487339585776,0.40101998637907854
230,1825,0.018104982785058527,0.6140539056625185
231,4218,0.015888777945828235,0.9863652266257811
232,2202,0.01625195847512771,0.41829216450787665
233,2231,0.017567261329366386,0.9755695481910772
234,3188,0.029654618014599336,0.9990036042570026
235,2482,0.019078995905441355,0.9512019196660823
236,1711,0.01832207323402444,0.9882049937841104
237,1428,0.017482581853663255,0.9944375832859055
238,3199,0.020082295350873452,0.9885756389182234
239,3090,0.15753861539469943,0.17272081494146463
240,4249,0.025860088360763808,0.9459005142165677
241,4279,0.03343740576437054,0.6104648386754559
242,3899,0.028165119273759993,0.115876113247941
243,4642,0.02703944502692345,0.7604449831174205
244,1740;1772,0.02189004007101316,0.9662069972654003
245,1670,0.01080086023887626,0.9822445321955622
246,1669,0.012021396735032991,0.6725355513240419
247,1582,0.018385762141563754,0.702021406944931
248,2361,0.12597845941480876,0.9986658034416417
249,1947,0.013146290078037167,0.9727075939851119
250,4943,0.03217637689028847,0.9949904826765237
251,2007,0.014928348559707021,0.9876887215712273
252,1971,0.013769079229457326,0.9942439455912362
253,833,0.061939052405821655,0.9694051852834678
254,1133,0.02941911041774873,0.7962867560792931
255,1681,0.016587729773033435,0.9765233569940088
256,439,0.04528602779247124,0.15733214838529308
257,2185,0.03948118933365816,0.7418902120746209
258,2795,0.016069565831741264,0.9343563100234367
259,2493,0.05109453463257977,-0.399976081188671
260,4177,0.03200710435140893,0.9978984366126001
261,2812,0.07905060026460048,0.976592025272754
262,2816,0.02973034692023993,0.17647938329043167
263,5091,0.01826584097341533,0.9760020852509577
264,2186,0.03287133072041343,0.9870579425115883
265,2859,0.02308900849584663,0.9937895392221178
266,1734,0.017886680955473765,0.9949294089206145
267,4734,0.02869289229726654,0.24497727747706055
268,880,0.01772290350024351,0.8678367733207277
269,3830,0.1384958706531522,0.9971931601560626
270,547,0.01838791854982566,0.9979139922588428
271,1932,0.03295185651367028,0.1948624278214769
272,2075,0.01737173381369215,0.8593131081931307
273,1320,0.08152560421767484,0.8219245784308888
274,3220,0.02236254338318347,0.990811194534407
275,1743;1742,0.01890553376233191,0.9816836142553738
276,1713,0.04656607507556179,0.44253269479852986
277,2302,0.018430095581371538,0.741336349593851
278,503,0.13579912170874434,-0.37694838037626255
279,4855,0.019654914138611396,0.9891672821468432
280,2366,0.03396033539576631,0.9759345975670558
281,2278,0.015709984731221115,0.9577338368146301
282,2447,0.043965017672844886,0.2579294367120053
283,2889,0.02975633765974765,0.585180784197245
284,3944,0.0398887176695405,-0.36353987911087793
285,2190,0.02868429780672892,0.23738297075578618
286,3846,0.02686002760350255,0.995086311332078
287,2124,0.01999219566360966,0.9911857071225236
288,3761,0.07401077976718076,0.9014063433294135
289,624,0.017799211139078522,0.9209248904215044
290,4818,0.013784570270512955,0.9973178275602519
291,1961,0.016700503004076477,0.9861996043124015
292,1278,0.05591644153968577,0.04179797484010217
293,603,0.012582838770480135,0.9930348449788516
294,3337,0.016281620178958577,0.9261597171142864
295,1088,0.022216309652492175,0.9403093620797499
296,1643,0.014764389927813808,0.9702596096006219
297,3933,0.02037149199608263,0.9934338518771313
298,2841,0.03390317905709585,0.15282878483158924
299,2210,0.017184333462262523,0.9952357689236149
300,5124,0.03108547989663666,0.9960747296559391
301,5080,0.047662146052205756,0.5048331166707294
302,2521,0.013615642861903242,0.8912715906727676
303,3454,0.01814508086777042,0.9870355897552516
304,2006,0.10413340271714414,-0.39992083500944875
305,1875,0.013812843037964071,0.9897563396288921
306,4996,0.012312689067219064,0.9983829677407907
307,2608,0.020232865346211874,0.4503998995169457
308,3889;2539,0.017524974444584774,0.9903921595596075
309,5026,0.017998464453319825,0.9978163042386045
310,2738,0.01500873604646391,0.9999914227178254
311,3696,0.09328390530174872,0.981035961128082
312,1483,0.037580638417969575,0.9987481221618125
313,3559,0.02625103521143213,0.8080904226044201
314,2148,0.035992918762598775,0.9979895639690628
315,4800,0.03431646919695592,0.9444729821594627
316,3548,0.11823579483213664,0.9914380244040456
317,1435,0.017614147456121106,0.9649193796208233
318,3095,0.01839327247523748,0.6575818147051424
319,2151,0.02367834604744669,0.9754353415988842
320,2164,0.018269280308403694,0.9703727435080279
321,1700,0.014878824959555276,0.8933554362533674
322,2205,0.030987736231015018,0.9991332151917389
323,1827,0.015161817689800391,0.9961153939495192
324,2077,0.03525311406907048,-0.3743493164980909
325,3067,0.015786553980217905,0.9899519903390223
326,2126,0.018338316053421212,0.938763967524891
327,2793,0.043373614983114775,0.8574536335258998
328,1210,0.032880797336131314,0.9723742548796124
329,2157,0.017478640785845188,0.9806931863150866
330,2822,0.012387697835903292,0.9940004664388224
331,2752,0.030895113741870598,0.9977222363295302
332,2063,0.01962368861129072,0.8714772886498113
333,1136,0.021721729981420083,0.948726038777481
334,1521,0.023317855836724178,0.9973638170918152
335,3719,0.09843381010550738,0.989331273519914
336,2347,0.025809231584917068,0.9780143296593025
337,1143,0.08654012149208419,-0.11913174318670094
338,5021,0.031726264010441214,-0.051311502722042324
339,1658;1700,0.013889787458695093,0.4726005152016256
340,4663,0.013669050168178199,0.9881569892803116
341,3249,0.06017238018538344,0.9608708009011574
342,2539,0.019697084046450805,0.9845957693283716
343,4527,0.016801000247657714,0.8738561880074942
344,1853,0.015166808662085468,0.9580594329836815
345,1896,0.019275345894034172,0.13282032730500004
346,3282,0.05947740426061138,0.4245326195406103
347,3377,0.01929462478757036,0.9832131341884922
348,1473,0.02310524712068735,0.991937921287246
349,4511,0.010336280092077052,0.9970717542562872
350,1003,0.016101859126309848,0.8298442943304937
351,2397,0.18374493831798716,0.35131300878601557
352,5082,0.023792118663655118,0.3979358282609209
353,3750,0.05983849841073222,-0.38827404357530804
354,743,0.15479093682535128,0.9336145887587424
355,4299,0.02541964001539224,0.9886128147602274
356,1754,0.04137769627823838,-0.3256831757136638
357,1801;294,0.020368630076430305,0.9679343816167104
358,5051,0.02956189316115886,0.20126907755574364
359,2875,0.03824550838237118,0.9999703745283937
360,2155,0.016919471111556672,0.9905745279593887
361,4793,0.04114210081814171,0.5244518957724933
362,4142,0.018285776574950466,0.9810258658359847
363,4159,0.052813633537279005,0.6286951591344208
364,4762,0.021629922425852453,0.9346984847873576
365,4660,0.03874901970508274,0.7732603405614447
366,44,0.02325815247542813,0.9897371000957402
367,3847,0.015421471903761218,0.4482251445997195
368,2047,0.014900185282575985,0.9999023991564645
369,3154,0.04867272901431578,0.2336465186499903
370,1908,0.02230502993649929,0.9818187636644082
371,1043,0.01884135159295423,0.9735802240696628
372,2395,0.02324692728317481,0.9828728930440769
373,3971,0.020436302200730932,0.9984795828927489
374,1972,0.02059374265587577,0.9995783378149273
375,4244,0.042923750928707365,-0.35667042965433216
376,2622,0.02288154132794941,0.8638631724303361
377,2757,0.009757258660724093,0.9582218043178796
378,1991,0.04083536282400887,-0.396606856564536
379,2697,0.038533427814546745,0.9924409227790602
380,78,0.012309948454652813,0.9979076246186367
381,1525,0.17433955298360956,0.9779149372054408
382,413,0.02847409463357868,-0.14320229394372963
383,2215,0.01978175404507843,0.9941888799078211
384,3785,0.19362178631908938,0.4832063658909259
385,2763,0.01635058452451371,0.9969936715825514
386,4999,0.02349048198049647,0.8587561659348213
387,3655,0.022939299110926223,0.7586426263608956
388,4047,0.018251849472748757,0.3467456659093875
389,2745,0.013881533927520274,0.9855976019293642
390,1683,0.24388664062872928,0.9175439009768456
391,1654,0.015207818220071103,0.5716078850219619
392,193,0.03586782662537818,-0.03866156798751885
393,2932,0.03067157087214603,0.6940745995349755
394,3836,0.02338129277072897,0.9726889235513139
395,3016,0.018890050983766653,0.8179815376549758
396,2351,0.041398783374268305,0.9936979002198072
397,1655,0.02025558175837639,0.6096315745608805
398,1798,0.016518460816700355,0.9855015598747348
399,1749,0.012645924993351538,0.9973975129151194
400,2970,0.04413047697166206,0.9991694029127361
401,2808,0.018410677468973884,0.08008097594162156
402,1872,0.0218725091712154,0.7257664219067266
403,1887,0.1385653836246565,0.9746407412231648
404,2727,0.019966935904887684,0.9654556603149661
405,1217,0.017458494651757524,0.9946193133803329
406,381,0.03217094958562093,-0.3995943112858855
407,4441,0.018118017588947474,0.9991383357166029
408,3263,0.029051414336459355,0.12817060242529688
409,4976,0.018573927558233862,0.996930723044962
410,3599,0.019516064356552502,0.9330299290586683
411,1102,0.028577179033621877,0.06793642660746746
412,3683,0.11045415623616746,0.060878969625864254
413,4165,0.05331245912898001,0.9999887919328069
414,3851,0.016235208996616696,0.9992075171998341
415,1781,0.023972015653266805,0.9895695241132478
416,732,0.05600981297982411,0.7220920955385473
417,685,0.05767219110262247,0.28167993648966316
418,2314,0.025017502071535715,0.9607876916319901
419,1056,0.026815087169177257,0.8662720404471858
420,2981,0.01816356928545048,0.6522384068785534
421,227,0.04719979988150148,-0.39499327567567444
422,3734,0.05611239102554063,0.995189997568793
423,4851,0.21509711460188155,0.8521004052690869
424,4277,0.014580032508467783,0.9407407119355687
425,2664,0.0309880438875616,0.9958146203487547
426,4626,0.05611834364058806,0.9182740148340057
427,738,0.017599073532804817,0.9654976288197774
428,4020,0.018816734218300015,0.9719236024873006
429,1828,0.05206324291439178,0.5212374051070646
430,166,0.02811081681011261,0.9879095425874556
431,2443,0.02779389168546889,0.9993284834125506
432,3940,0.015779398730513813,0.941206541724418
433,1759,0.018448216763314523,0.9369087577848138
434,1668,0.021216043501171917,0.5059191369626745
435,266,0.016011408011216696,0.9927050385405098
436,1517,0.05967820936720871,0.042320898428740206
437,1724,0.014719150356029687,0.8939709604591082
438,4983,0.02213309270384447,0.36926369367385803
439,2612,0.014017126372522792,0.7524807613384616
440,4428,0.020563137277030602,0.8788941348507586
441,4257,0.0132620868951837,0.996247879711938
442,1981,0.026558506656073688,0.9382121694152072
443,182,0.11440637445987233,0.8955805791021728
444,20,0.14253331253708468,0.9955452365011449
445,4407,0.01675388801498893,0.5230450929619063
446,1062,0.021603233145044847,0.9201284656923985
447,3302,0.020394092375992483,0.9594630576860862
448,2273,0.018953369723659592,0.9583285417142143
449,96,0.03950058821217624,0.8579674525637374
450,4772,0.01868049879984558,0.9877762048782596
451,3094,0.11311940030389353,0.9445160359111482
452,3897,0.017087209692079816,0.6540620687916239
453,572,0.054699711307871456,0.9999444650649663
454,487,0.01752004592487952,0.9681476179965793
455,2694,0.02351807252530138,0.5800800633877008
456,847,0.029876506916552276,0.9953613920883954
457,4399,0.027192203715563388,0.995637340754152
458,3118,0.031849069749537426,0.9854787369460182
459,996,0.017595369643695496,0.9998362773986381
460,1422,0.036243568528845714,0.9938212364898693
461,2257,0.02204343040267126,0.9448758346268962
462,4688,0.017770798490664673,0.9915973395468225
463,1497,0.01585666375590427,0.9983738532164087
464,741,0.02687856719834183,0.9861161687830433
465,4980,0.09111446129332947,0.17188625779792177
466,879,0.021334758442636874,0.9785616792561942
467,2799,0.019029765069250908,0.9487253681928036
468,978,0.021930465314223345,0.9808960719578835
469,4025,0.0456600753193889,0.8672350605472813
470,1671,0.026180374267515072,0.9548010715009603
471,2105,0.01713585997897696,0.9846684341000849
472,3935,0.059505583935355676,0.6849301834834219
473,2357,0.02216884240791374,0.9886291501740826
474,1474,0.01446249204659473,0.9906127691157157
475,3112,0.01576085222666871,0.946517449170232
476,2122,0.014807463029715084,0.9925784313721573
477,3424,0.013999807034365368,0.9885123227243926
478,4174,0.026194821843066374,0.2893859047591453
479,148,0.019826653310491993,0.9893113218980144
480,508,0.025160482102004385,0.982169904119605
481,3898,0.057502149672627643,0.6581915867413775
482,3365,0.032776236152914924,0.9243204044781651
483,3908,0.013437167424601496,0.9254696829474508
484,4457,0.027211427547156143,0.9648629587788653
485,1589,0.015063445793002301,0.961348851021234
486,580,0.08777335622382199,0.5161844199821077
487,2720,0.020099081241280868,0.903865140906865
488,4158,0.020504015956537933,0.9983371801413772
489,3767,0.028136187243935486,0.41076003202388445
490,1247,0.11871349314858584,0.9815710546145986
491,263,0.024470347975361226,0.10731456258122918
492,2350,0.011956668933925819,0.8588314973111523
493,4593,0.03528378870315436,0.09793480852016923
494,2501,0.017781212467702354,0.5650629117122123
495,1393,0.03387892437683731,0.9025549476008491
496,1235,0.03287678308541308,0.9980565514663987
497,4429,0.17950301151429074,-0.3781994839167764
498,2111,0.026294850318149016,0.3129626695982385
499,4310,0.01461457202097394,0.9355315547689327
500,275,0.01859259590129185,0.1927570307779235
501,1135,0.2077205668044911,0.30106309468759096
502,1500,0.02328415741778455,-0.3420548895345561
503,4085,0.018036722620694057,0.6591952390312323
504,25,0.05111297098002698,-0.08244870699889417
505,1804,0.07900075467700958,0.9745615707741356
506,4989,0.022620617258062924,0.9884787558329853
507,272,0.05482391422096015,0.03508716455259664
508,1660,0.19101188653720638,-0.38831814117735486
509,3059,0.04867687523739224,0.9940704640997226
510,2107,0.028151444009757692,0.9465146144883683
511,4043,0.06503179625437888,0.9926267392786807
512,4630,0.026065536170361392,0.9875048059160872
513,4163,0.013878572100357712,0.9997310582032852
514,3293,0.03410329430212884,0.4896181352629718
515,450,0.02443304434469679,-0.10620185678055649
516,2276,0.022271309411152167,0.5257606290392478
517,21,0.015203788242445278,0.9994012005176461
518,1318,0.025649681099540404,0.5994588791766355
519,3972,0.03406241906871602,0.6188221506672591
520,2109,0.022459270514628326,0.9735135159014409
521,4756,0.021703529171919842,0.993836195701813
522,1346,0.027384367069471026,0.9688043341754143
523,704;2380,0.14696163322775257,0.8645445171625588
524,2671,0.02506966069154774,0.979920362995621
525,4002,0.013913417007154295,0.988244722868349
526,3459,0.14450685356428336,0.5788088820338677
527,905,0.12866467694583103,0.9903759723296627
528,3127,0.01571683226022907,0.9663913269044612
529,5108,0.0405825910593443,0.012631339352347615
530,613,0.05121873626854351,-0.22552879177768248
531,4466,0.014481078137613913,0.9970181256583234
532,2358,0.019639508833271657,0.10041759489982605
533,3631,0.04354183849346937,0.9675141089597935
534,4356,0.174198488347568,0.9872858511380447
535,2312,0.0322135285112565,-0.38859085910347946
536,2405,0.012845685856670234,0.9999999525996809
537,1699,0.03501284330123889,0.9999960853231696
538,1642,0.07408480265030842,0.9629027073427111
539,1773,0.0308708603997904,-0.031021140156736404
540,2291,0.014747606725997927,0.9957629397400132
541,1704,0.022902965074692114,0.17940804234871766
542,3374,0.017943043880813265,0.9184553471321357
543,548,0.017292520799865933,0.9214221134726059
544,1227,0.03155101488925695,-0.0593707378067585
545,3611,0.031387005575806405,0.9990789767281018
546,4345,0.04229905214810845,0.24204605622476727
547,4180,0.01965872178042959,0.9844060485010974
548,4559,0.020219606967217987,0.999329176091359
549,3610,0.024896460403800308,0.4804226843502979
550,2118,0.020315136196459953,0.232330877256972
551,822,0.02767397683131761,0.998651419336719
552,4136,0.12432399367116442,-0.015228697569684035
553,1766,0.05303081103154189,0.9495105354863735
554,1738,0.01660247229072813,0.9876319503534814
555,3229,0.023615621855394783,0.1462356436417378
556,3715,0.041794391072604874,-0.11272927812181588
557,3054,0.01844120250359693,0.9758442186945571
558,1383,0.017025714439589536,0.7610660052597581
559,2133,0.027307685929311615,0.9907876498567296
560,3736,0.014541118689113305,0.9609534253070575
561,1803,0.016501356840547984,0.9825751177740637
562,3695,0.020259327780310213,0.5527418401125479
563,2309,0.019614198294854775,0.9932662941710306
564,409,0.016218535956073914,0.9757310864249371
565,1113;3403,0.014774676347164674,0.9990146545115126
566,3286,0.018857715364387913,0.9719971869879602
567,2846,0.023635946036832785,0.8229418180677348
568,1998,0.015458512989472104,0.969977920910162
569,2226;29,0.014741385290525131,0.96535972128562
570,4289,0.03268422142991613,0.9855101892626745
571,2690,0.04771475240652225,0.9928654510714313
572,602,0.025976493651648398,0.9986315181811423
573,195,0.026508700679335598,0.9887192894688785
574,2527,0.0156412186317772,0.9894817473237848
575,1838,0.025299157693801796,0.9602545538263189
576,1684,0.015638534340353484,0.9962182031937057
577,1721,0.03367974364788415,0.6721447050701055
578,1665,0.013943998010214162,0.9940813133329387
579,34,0.012969842664005372,0.9822344422158039
580,294,0.055034511481695796,0.174516926714537
581,3786,0.029886130401004296,-0.15268208026942465
582,1652,0.02866439497738384,0.570786278152605
583,2096,0.050363001983116856,0.1845805490115211
584,483,0.024378328004053044,0.996669112306221
585,4961,0.022438813630776166,0.40680249737749496
586,2790,0.013900997475629317,0.9775621340382575
587,980,0.07974611864073805,0.9646881327814467
588,2880,0.061408358284038844,0.9884226296946124
589,4742,0.029693864075530332,0.7870280164754552
590,2515,0.14536851986085642,0.8343804278872196
591,984,0.020494703053262144,0.9730028844931065
592,2247,0.024974464183349084,0.9875568290702509
593,1213,0.018774620090260666,0.9949121489218572
594,4179,0.017883155462347547,0.975011477359176
595,26,0.014880066255899051,0.9921726092221302
596,2609,0.09767830156053652,0.7428416640187486
597,2616,0.06780161788323924,0.8638379730050101
598,2040,0.023715613489886513,0.9866187034875187
599,1010,0.016792663225668622,0.9882137136625423
600,2734,0.10838563316320898,0.9548073447229001
601,5066,0.013810966674706009,0.9758647042630861
602,4131,0.02593339524860655,0.9869136425881144
603,1452,0.014151812786541812,0.9955612835848835
604,2489,0.018614133654127327,0.9988776257889282
605,3565,0.024226758585217043,0.9984676312670272
606,4915,0.013171241620024391,0.9757277407626892
607,3475,0.025910706245750936,0.9995178557285436
608,4664,0.25709605490388987,0.17375467171913594
609,750,0.013923537434928485,0.998965270484623
610,2083,0.02818566697229944,0.11640958753760944
611,1986,0.013811307513939497,0.9961239267225539
612,1298,0.03256505632775581,0.9994332832036636
613,1982,0.016642837738048463,0.9897131824981733
614,2295,0.03520639256041356,-0.06812600050050666
615,401,0.017839806982127056,0.8109422509094343
616,3965,0.020182575715820748,0.21102011879063598
617,2022,0.021096684544312964,0.4958811921445688
618,2938,0.016052020446390272,0.9779301439439368
619,1818;756;2933;1676,0.010991090276048563,0.9935550829194649
620,854,0.02109582023210043,0.9747634614882118
621,3739,0.044163710341148105,0.39029724036398505
622,2780,0.01352396914010529,0.9918418995766406
623,3284,0.039382044610666266,-0.02104512347453702
624,1817,0.018956654278369508,0.9821524810192046
625,2238,0.03079374536903034,0.788064946803852
626,1717,0.0232582865541575,0.043223599301938864
627,1878,0.028487652088908334,0.913739737182407
628,1931,0.024450130457296264,0.9800861169591186
629,247,0.02667737283292851,-0.23661366187736865
630,2058,0.03925204854929906,0.97795113923051
631,3095;3938,0.015125824171131608,0.9960823477331381
632,2345,0.13609229441534362,0.1619823067427143
633,4665,0.0337722282156291,0.1685470890867531
634,4108,0.05342024439000374,0.45197831185472714
635,3281,0.020964838451334115,0.4260610989916189
636,1952,0.017985591239890557,0.9880018691989931
637,1086,0.04421257675927721,0.9948615569852681
638,4787,0.054443252930463176,0.2991817887242576
639,596,0.07083713558911522,-0.3229876298603094
640,424,0.01804221954556109,0.9981893116803241
641,1169,0.014077264407049631,0.9847387592700018
642,5102,0.028699306837976755,0.9674962345238164
643,2813,0.015346438288819736,0.9210630584449171
644,1921,0.146381862842555,0.9560752514652043
645,1702,0.0646589475803665,0.9597028920929496
646,3271,0.03294894999687817,0.9989516558198295
647,1144,0.021511583488379515,0.939202051880948
648,3596,0.02479767672102916,0.9999864129916514
649,3386,0.01918915322882115,0.3469690500094187
650,5115,0.09760966959747623,0.05878959416005369
651,4146,0.021573621043341477,0.9973516582442681
652,1771,0.022654525707433017,0.9947140320478197
653,1515,0.031438204411886425,0.9683511321722367
654,3513,0.019295948627008983,0.04135163594754743
655,1584,0.018687957183933634,0.9523858809482852
656,702,0.02735579191688342,0.9743983800619631
657,2216;961,0.031135839016466094,0.1634742814083464
658,1913,0.015255219237460226,0.9928110773461026
659,2965,0.1176239776012174,0.5866820757658129
660,4196,0.019084708261958076,0.9925961691271856
661,5024,0.027010393521269674,0.8116055358591013
662,4171,0.02152759229449353,0.4246955501398063
663,3237,0.017794741513826602,0.9890139744965452
664,2497,0.05968576468318489,0.5480082245552143
665,1637,0.14898823923330456,0.9695816992764466
666,2644,0.04554388409628032,-0.054433231921254155
667,2156,0.019985393079423736,0.9924617236347599
668,3941,0.04710432357888081,0.9518344364248661
669,2310,0.014427118287384159,0.9999846818428562
670,1134,0.08518820976129945,0.32928001709258137
671,242,0.050417790997349846,0.8118095717448199
672,2170;2217,0.037739890342554816,0.988312049672598
673,1082,0.13750402852014862,0.3893426134591692
674,2147;2148;2205,0.03301649426337356,0.9837786578949618
675,289,0.020419772490609667,0.9845038438647421
676,3982,0.0271012537344522,0.4599108215623007
677,1937;415;505,0.040761067276976044,0.9828347492330225
678,2794,0.04706492244103233,0.9999844956449933
679,1305,0.12212204412110529,0.9863233962331388
680,4373,0.05253780263058368,0.9907159141394536
681,4225,0.019569814410802806,0.9775542107712187
682,2920,0.038483340008380156,0.9389249905355855
683,1879,0.04519433884693931,0.4487589043385708
684,3648,0.028913830849768205,0.9982558996503765
685,2149,0.013280346404024567,0.9833857919307358
686,2995,0.10023453288953324,0.7947836669820274
687,4209,0.02436967294219462,-0.05436114361372746
688,2611,0.1474093267222348,0.9054541505370882
689,4937,0.01601444213842932,0.9998050557387845
690,4280,0.01591342849098541,0.956936364632667
691,1245,0.017832873203279784,0.4001672730458776
692,3332,0.04838395469738981,0.9447303784005676
693,2520,0.030734947994872818,-0.32996658746816365
694,1858,0.037030199681233666,0.9876389296560334
695,5028,0.019711151278582657,0.9995944559713619
696,5029,0.03376416090800921,0.2458760992452651
697,4724,0.026999799287424568,-0.058296380877985055
698,699,0.06840058298825208,-0.214056285075664
699,2753,0.039258819049857806,0.9430054022034796
700,1751,0.035401724756582986,0.9689000811523452
701,2762,0.02006823636212013,0.9999490316383527
702,2012,0.07236565212589702,0.993062922597287
703,5118,0.01332432540441221,0.9781234149944623
704,2971,0.012567598828798866,0.9311153784971044
705,995,0.018451776292677476,0.9595351502900644
706,1625,0.1281901754762175,0.9955343656703259
707,2146,0.02413266798188179,0.9933172321480793
708,2384,0.016341711229365053,0.9943109838232651
709,1792,0.01701523142725239,0.9794540827694724
710,1845,0.01975381828353609,0.9203278886411743
711,2340;4404;3096,0.013677205012876429,0.9999671364124642
712,2891,0.015460862241138752,0.9693658270222204
713,2075;3111,0.016687274595682776,0.9832909011910502
714,1270,0.026424473365273225,-0.08795738834418243
715,2653,0.02820943940275174,0.7108241152466639
716,403,0.057229431613037875,0.15162646438587413
717,1032,0.028279536289217998,0.6454174024257366
718,3185,0.024768414799997224,0.9595306832882257
719,1815,0.01958473293355387,0.9192237029597259
720,1249,0.0402810866246399,0.9172149729593634
721,4475,0.05729364497787384,0.8707779498210624
722,4528,0.032482348821621036,0.974152532878918
723,1892,0.020465930133700364,0.9991067987595654
724,2528,0.030514029496072622,0.9964436715366188
725,1595,0.014959583964832277,0.996262585044333
726,2432,0.019351881697339805,0.999105740590088
727,510,0.05742079693397166,0.8369574779267441
728,2091,0.10287600315841887,-0.37392817098274134
729,1593,0.01766176583122597,-0.3971294216018417
730,3413,0.01861226300783963,0.9359930203256671
731,575,0.02454998803956992,-0.3121571013018718
732,3387,0.019159853273039252,0.986380370913179
733,1370,0.01716374017148234,0.9794347447206306
734,2208,0.03668069455619048,0.9998796200676138
735,5117,0.015541793628490829,0.9870321599762361
736,4836,0.03925226031812786,0.9782045118698451
737,1719,0.016824247285886124,0.9864319503521563
738,3908;5089,0.015431208852210323,0.9944397159025228
739,3190;738;3940,0.017400210620937034,0.9894687772455126
740,297,0.0966397341456308,0.9013986395397336
741,1151,0.025076737135120673,0.39505209779229655
742,4644,0.01681866183966025,0.9510321430916163
743,2406,0.01811999375098755,0.932884630507617
744,4929,0.030592335067937012,0.1969747560538112
745,1590,0.09906356828398227,0.19373257816022615
746,3667,0.07082148783924262,0.5531423181276414
747,1544,0.01865592252231072,0.9910279856197729
748,1890,0.017684232123260868,0.9752729642762777
749,4190,0.016961566618761328,0.9865762555426085
750,1789,0.01482882475141102,0.9980357946636468
751,1780,0.017244876519959373,0.9901542199605032
752,1958,0.018555092539926054,0.9940720347134562
753,2696,0.02433196966135081,0.9993146489414669
754,1834;3035,0.017109832858765998,0.9383212889625495
755,3777,0.024810736248570307,0.5168049789783308
756,1310,0.018135661219851544,0.998719676239266
757,1561,0.027261308191420024,0.9576682066400496
758,1764,0.015770337121101305,0.9822552015622101
759,1743,0.027443237558269017,-0.14359397254719042
760,4566,0.01861576975201531,0.9903669090246539
761,3723,0.020171275810314446,0.8455658732006448
762,1402,0.023043863558649035,0.970655965586084
763,1919;1733;1916,0.012668466944851582,0.9988569980376749
764,1918,0.007732915772621023,0.9756089161686557
765,4557,0.06696829737824418,0.8170543930668585
766,3698,0.06801706164421543,0.9894302037534066
767,714,0.02104612456793355,0.999182715313449
768,1207,0.08068645597107127,-0.39860701729063286
769,3891,0.11727154892644018,0.8276593809794633
770,1326,0.09898318697913294,0.9728193086455567
771,2071,0.0311290985529564,0.4552905042565918
772,1009,0.01892365424745086,0.8855798994352919
773,1807,0.020169484613744824,0.8672076975828921
774,1021,0.019415654838027797,0.965095763994347
775,985,0.08749738361528767,0.9932773996664862
776,958,0.039974492806344214,0.9964788493756161
777,1569,0.03712314152604089,0.8060855521251555
778,4774,0.016533920894813675,0.9672621907641225
779,4619,0.0359936151845974,0.9841808946098966
780,4800;4368;4199,0.03243621691973209,-0.35051278241857653
781,4991,0.017571703319204223,0.9611016794947186
782,3636,0.022799243195033098,0.29596645324313353
783,2748,0.2627729409000441,0.6710196777776207
784,3528,0.024167441671415622,0.9900315022947197
785,2150,0.021600339737427934,0.503393777349171
786,2479,0.016462440564411596,0.9937459517708486
787,1431,0.03226068158153903,0.9587440531059479
788,4875,0.015001649143154197,0.9925642056073285
789,1834,0.022096092322683083,0.44201778568702377
790,3035,0.015444097778726488,0.9352312322505206
791,1239,0.040682099897388975,0.9652880895627942
792,3968,0.024768250279666764,0.8676851535242585
793,1454;547,0.027097373492388378,0.923097317373064
794,479,0.02758403225738631,0.8853586276124548
795,3889,0.022275520406607796,0.001138475813299844
796,1803;450,0.017096392429095476,0.9930639629213599
797,860,0.028565800739658514,0.9920357312706274
798,1355,0.026399232961971154,0.9402567663128325
799,2636,0.016188207153907227,0.9994870045144356
800,1819,0.01703121334750619,0.9877833075425446
801,3310,0.023024154268440757,0.9672964884886346
802,4880,0.022345590471750283,0.9419094936286436
803,2106,0.017167663309500848,0.880104738359403
804,4480,0.017863686169157088,0.9999641581778739
805,4846,0.01696122152570281,0.9870114910296267
806,4636,0.047076465834935695,0.9938447376649486
807,2867,0.022952031421497283,0.994632662083997
808,1513,0.03597541484997367,0.959809578367472
809,3132,0.025137379167575722,0.8760564993995194
810,653,0.11946081910565952,0.06374747782170698
811,3134,0.022048268262852885,0.7831765306772832
812,2042,0.01918316780752202,0.9942706141274101
813,1777,0.02120051264424643,0.9963412873876504
814,2424,0.06786193175579805,0.5541796462759516
815,1115,0.02816710590999353,-0.10480489206750954
816,315,0.025001241557330814,0.9942658167346609
817,2003,0.019247476643653894,0.9133761576381719
818,4100,0.02968035290490178,-0.10728449304198895
819,3677,0.060447711735938166,0.7974294159758029
820,3561,0.0805946326547942,0.5731808424126086
821,2015,0.024939999328265735,0.9409142533870472
822,5111,0.01778338998621184,0.9939030250271731
823,2275,0.021203497777622867,0.7262476748280381
824,1292,0.020345816497545223,0.9965320094339192
825,3973,0.015817397080861554,0.9704042077319875
826,2892,0.011085986930287854,0.9970475051216782
827,4170,0.016323983778232683,0.966467981199614
828,5094,0.023587923226227332,-0.10773542571401085
829,2821,0.031765373717877673,-0.026707200927811092
830,1657,0.08827090040256913,0.7214953973662428
831,3443,0.020109613841538216,0.990779332263779
832,4556,0.017925239841966385,0.9708724084476477
833,1658,0.013335294371615226,0.7729586606829602
834,3776,0.012717293382091658,0.9595464502582116
835,1695,0.2765614327742008,0.9135983904129026
836,2558,0.09338906184762524,0.9903636887984332
837,4710,0.022486070119263776,0.9922252893807478
838,3364,0.016426378774085152,0.7601046638119802
839,3396,0.024872790075081447,0.9951654078367845
840,1836,0.08083351148056522,0.9856960583170727
841,2578,0.0183019901456202,0.9398739063115523
842,1495,0.01584902777868221,0.8086949161042393
843,4884,0.02962160858990981,0.9999865358314589
844,3092,0.023002032594256396,0.8496967395525684
845,4693,0.011851750373512491,0.9924371723573302
846,2438,0.018661962015245802,0.9926272170186603
847,128,0.041315272708776656,0.6857716487213643
848,582,0.12102956348257009,0.9648319274548823
849,4963,0.24799013274700604,0.9923241002472911
850,1698,0.016655563527270767,0.9980302537109024
851,4009,0.23069401213460192,0.6544871432567934
852,3218,0.021038635840086795,0.9920836702484465
853,1501,0.08541186881912458,0.15068587908042008
854,2277,0.016430392371970325,0.9938482293756122
855,1906,0.015238010644919784,0.9928845630804533
856,2850,0.04592785846848563,0.4152494157605007
857,4901,0.02343471344901264,0.19493215788014884
858,3663,0.03535533212403128,0.9997151247725209
859,3963,0.06164484135857888,0.890915350622896
860,3741,0.08591631441992371,0.5587784254580608
861,5050,0.02126687958582144,0.10366217900396213
862,3401,0.0205904952431666,0.9934817921813813
863,2258,0.009803955475533107,-0.2486747951502848
864,4186,0.022168846476055628,0.9302707609759924
865,4404;3096,0.015010018134241567,0.8877731512713873
866,2340,0.01449256691901047,0.9949704482270582
867,3237;4225,0.019637359651836418,0.9835986420969927
868,1885,0.020623257675866823,0.9834911020213362
869,3555,0.02696163814925866,0.972993937764407
870,1469,0.017648382551443315,0.9913955622344919
871,2206,0.026148984957511365,0.9637546987091232
872,3718,0.018407402508309748,0.9883162672166881
873,3960,0.049317877854778154,0.9981742938885536
874,4068,0.04254952695138062,-0.14720676247624787
875,3643;1348,0.015539606599360354,0.9998675924898525
876,3932,0.01569533193102279,0.9955392938943223
877,1985,0.027298629192431745,0.9402431419267308
878,1604,0.022494190199252993,0.9940510699198298
879,1692,0.009530523136346251,0.979323087999705
880,1666,0.03016118140527458,0.9664308092955279
881,1793,0.019570136333087323,0.9776168197258568
882,1806,0.04333572304587801,0.2934551009652464
883,2852,0.02267264831281406,0.9961056711445728
884,1994,0.021757266402394813,0.9660414067871131
885,4551,0.05289965246994491,0.5292590689549119
886,1453,0.03903643771765863,-0.26236374545595376
887,1770,0.02432607152645077,0.9915168586293222
888,1622,0.06629198618485443,0.9896909654500708
889,1871,0.013053383779502792,0.9928622178815527
890,3742,0.062298630413907374,0.9987644737341804
891,382,0.02315752756537561,0.962521132566545
892,1258,0.04469250041549134,0.9993659435910758
893,2721,0.019416241609050654,0.9250492014013576
894,2353,0.028606264246989678,0.8784069516144732
895,3369,0.019219181081548915,0.6128824602114564
896,2128,0.019250454748317925,0.9565336553268489
897,1023,0.03973557022276836,0.9828853745410032
898,2837,0.024153683265957036,0.9383579266908263
899,4990,0.015760706967082126,0.9721710655038399
900,1937,0.04319580470543953,0.9909802308260341
901,3936,0.048741114906062845,0.273132700593289
902,257,0.018048281646225857,0.9898007146349826
903,3508,0.018788065552052688,0.9951059360211848
904,2602,0.1998856050462618,0.43140259320201435
905,2112,0.24531739169214442,0.9859234696811595
906,2768,0.02439567571082816,0.9919008702479436
907,1280,0.04733449886895195,-0.08119797928068695
908,4779,0.02851500638444961,0.9973307867272895
909,4744,0.01865592336196861,0.9987588924981586
910,2320,0.1513028246845301,0.9481117872048045
911,3525,0.0788453907060019,-0.26090915909290957
912,3804,0.015218324879670847,0.9721575857557001
913,4038,0.019484614114308494,0.9711076323210346
914,1803;450;1802,0.01726573244149951,0.9911651068385869
915,2567,0.019132632923041102,0.945962166286044
916,4768,0.021258576542164398,0.08849765597341652
917,4312,0.07273177557340692,0.9999931105516408
918,2430,0.027821451291472468,-0.2907524256935141
919,1267,0.02409101170317685,0.9600596263489151
920,5017,0.037319383955803566,-0.057423468462546534
921,1881,0.019688438937981553,0.9948468616619882
922,2804;2510,0.03479734675923047,0.988641317669629
923,308,0.01477556337176992,0.9391712558404545
924,1697,0.07414419531341396,0.9150419151427484
925,4481,0.1890734020991643,0.9967636147929897
926,2542,0.0650056830117864,0.8752781309021067
927,3427,0.07630172450118336,0.942300748664856
928,5000,0.02716036945425304,0.9959231265931651
929,1645,0.015020191524485834,0.18951586367255702
930,1630,0.01640154058947857,0.9766056834275227
931,3931,0.015671431605042092,0.9694527377616284
932,4227,0.03487051487624869,0.9852461442777867
933,4472,0.013258455683141965,0.9908841392713229
934,3334,0.02392241378344901,-0.08282217255309665
935,3934,0.0286429263120229,0.2742729788292543
936,1696,0.11271975375342028,0.8984274194789426
937,3445,0.044518917615144066,0.4070350355408704
938,1259,0.0823422914469091,0.27027326175557953
939,1741,0.01486802732586093,0.9927965288103686
940,1354,0.04491183067669338,0.9683263560646611
941,4544,0.02324881567517081,0.9999988391225498
942,1953,0.02300283296171182,0.9930621656579269
943,1997,0.029293487260353145,0.49675947595704306
944,1662,0.01910777124612737,0.8528411083950079
945,2316,0.018139115304514744,0.9942320069083201
946,4442,0.012662792835764203,0.9819411294559248
947,4368,0.05341961060363476,-0.08799006027454959
948,4918,0.04643730221566591,0.999888784074377
949,4927,0.04835602079821685,0.6591735293495768
950,3745,0.016273138806128278,0.9863842467574938
951,2244,0.047236450784482714,0.9525020181243196
952,955,0.05440883158837896,0.9984328940470006
953,1462,0.013512457546347906,0.9592381754930012
954,3132;1253,0.02438697821702115,0.9976664494471137
955,504,0.05751145909939047,0.991143002806597
956,2392,0.019049484627969248,0.8845358341227657
957,4247,0.03421388288436731,0.834387154891898
958,4629,0.01714696732551643,0.974952770030496
959,3359,0.11824873015145387,0.8943281344985547
960,3759,0.027776211725195416,0.9849160555105388
961,4898,0.06340020555663194,-0.3903134227315439
962,1016,0.04027684054368086,-0.20316986561792083
963,5078,0.020902441393593926,0.12242996070687617
964,4605,0.03848274443196683,0.43994488924125374
965,2193,0.021833508615116792,0.8875777966220078
966,912,0.028336391766661438,-0.0074427396759366715
967,4415,0.1547959293113404,0.5838044356275889
968,1126,0.018022907546126454,0.9931949439173386
969,987,0.0832555683387443,0.9348141847440211
970,4346,0.017592783589607718,0.9548147810455861
971,2610,0.029999421094257052,0.9895115677592308
972,1996,0.061685102440454,0.2866048622674998
973,1332,0.02911741975294608,0.9945348730538445
974,677,0.018024035762751835,0.29387923346440925
975,1070,0.05863880385019273,-0.3930209469653547
976,5015,0.03433718140794722,0.986115098404998
977,1005,0.07445223338889488,0.8676272066914543
978,4213,0.015817548577647257,0.994353620112801
979,1710,0.01369221520940568,0.9920539018633951
980,2062,0.014912721811080599,0.9694441645087833
981,2199;1739,0.01525100574602099,0.8892835168075686
982,80,0.015682233941492478,0.9951045571486703
983,1646,0.015197878942417538,0.9788113779434826
984,2049,0.029400082523731177,0.9836729599723205
985,3367,0.015139245053047009,0.9843524069332653
986,1594,0.015985941207281286,0.9818888191293723
987,5002,0.028484145369545837,0.6632370219704888
988,3956,0.01711022996093535,0.998339290990654
989,5041,0.018049799023718352,0.9901640121293539
990,5083,0.03661952460102325,0.9728416288586506
991,3598,0.039397760771873534,-0.19899200945983697
992,4806,0.022167979691738653,0.9997218193303411
993,3245,0.08934535542153796,0.6556899524221492
994,2939,0.01553055568643523,0.9907748831260577
995,1027,0.017406348472597158,0.9857213481947569
996,4589,0.02237250318172592,0.07145323188644714
997,2289,0.018463433695189307,0.9874186543101827
998,1542,0.024106233390531435,0.6889685046231919
999,5020,0.022735057316070104,0.685881244575721
1000,589,0.03511055949182857,0.9144677052987064
1001,1919;1733,0.010980555005667709,0.9927661133249674
1002,3866,0.04747398609890518,0.7625772701942103
1003,4682,0.10385308655773413,0.9972809507938315
1004,1755,0.01554710501999828,0.9044616286342927
1005,2005,0.019171542535530838,0.9999963292454194
1006,4398,0.019522323031315146,0.6864686444775729
1007,2379,0.2419427389998449,0.89009250660417
1008,3996,0.027205151757865254,0.9157774177029437
1009,4690,0.023003302069258408,0.9303852114924432
1010,2774,0.023847122657648965,0.9998000166383157
1011,3572,0.024904294998052266,0.9887230601386189
1012,415,0.04424551554384766,0.9930878756188031
1013,4182,0.010531475989605023,0.9298573471653728
1014,4161,0.030794819074022907,0.9598474750763495
1015,2797,0.03899033675174574,0.9961287165762224
1016,2729,0.04329786060537515,0.3547894269719698
1017,2686,0.0436296873156015,0.6520643646891777
1018,968,0.07583919920610918,0.8289191419540709
1019,4598,0.025729734358336663,0.982691078066682
1020,4577,0.019333550961370936,0.974455171486562
1021,3627,0.01643541175879127,0.9630280045864446
1022,5097,0.038440604724792014,0.3976297523006793
1023,2296,0.036393787608230324,0.16166920770326676
1024,4049,0.017598764784967896,0.9794973603594261
1025,2758,0.015357332969255871,0.9923225335326677
1026,3542,0.021821025452200563,0.9586458210159632
1027,4192,0.018054882640255617,0.942947430109308
1028,4118,0.019953704151713596,0.9999906785005516
1029,4440,0.012708332523132429,0.9870438419471933
1030,1861,0.02438461634213893,-0.3564778729791864
1031,1576,0.035849877282166966,-0.2347029243054839
1032,4309,0.014764716616228996,0.972129018238309
1033,1851,0.02130145815838959,0.9908912554163852
1034,1546,0.029956954303548614,0.9683530234480668
1035,3135,0.018928859753367402,0.9705415370626317
1036,3955,0.026438113516335373,0.8939900821826149
1037,372,0.08084375575820092,0.19209602751200705
1038,1489,0.052172470219610745,0.9615744013695224
1039,2036,0.015175693135410036,0.6333833669241051
1040,3587,0.05410238559310772,-0.3501385550182403
1041,3889;1412,0.01834811904253896,0.9218040320423861
1042,4947,0.24566579915751405,0.9859234376681425
1043,2419,0.03484794838614778,-0.30822068085726184
1044,3342,0.052063162996056796,0.9995256506335747
1045,1504;5119,0.018208701809258963,0.9992544042839429
1046,873,0.04811028251321543,0.9347378147437062
1047,1082;153,0.036709630905414695,0.4750626778406851
1048,2466,0.08250408387885041,0.9966495869964835
1049,1649,0.012350219531447508,0.762606269065158
1050,4252,0.01586445903829126,0.9841974750882075
1051,2114,0.02294453027009846,0.8557990557110591
1052,3562,0.029063128641928792,0.9014740909060179
1053,3056,0.019554068329309646,0.96795866440684
1054,2787,0.2941043045895762,0.9006202292943783
1055,4591,0.03722499993123161,-0.08703623621871714
1056,3065,0.017389716415018856,0.9987177179933772
1057,3872,0.039715329368756214,0.6277790979204955
1058,3305,0.04466715708772135,0.3404009984635654
1059,3089,0.0545583910063014,0.6074150179934098
1060,1760,0.019116937372007425,0.9524741725929156
1061,4977,0.025120745234783734,0.9446440388131588
1062,2203,0.014943554539803021,0.999157013624221
1063,4113,0.020885492026630287,0.9731587713844972
1064,1454,0.028815902986265487,0.9841593618191179
1065,5072,0.039552811576907605,0.9778016333493926
1066,2144,0.014534722495800439,0.9807912509212704
1067,4675,0.022038809429404855,0.09779006247290889
1068,4221,0.019906003285878694,0.9689925787738725
1069,2646,0.14768283072626825,0.9947061484323274
1070,4708,0.13145109385632486,0.38184881316608343
1071,1490,0.015572242803571883,0.9997863741063243
1072,3665,0.043850858397679,0.9541236682013206
1073,3778,0.02870015762019894,0.9450145670767219
1074,3423,0.02297998580490588,0.4891380591292609
1075,992,0.08405854974187899,0.42119797288455507
1076,2733,0.038543375929320424,0.9838730886462033
1077,1772,0.019360253814574464,0.9894014208202734
1078,4438,0.03605437712733648,0.9451178971378342
1079,1897,0.028421688395229752,0.3742076226838543
1080,1567,0.045564681612865476,0.5156020120083753
1081,2569,0.024289912862848147,0.9817594130208873
1082,2211;2221,0.014449079210982744,0.964183075561417
1083,4539,0.015391677845628596,0.9290949674249147
1084,3430,0.2669041592958747,0.5264686101748128
1085,29,0.013430979471087156,0.9872256948411792
1086,2226,0.013913736338061335,0.9967685546888773
1087,2984,0.01526237422646548,0.992905633118602
1088,1475,0.026783949043586372,0.9317512355082438
1089,3092;2672,0.02480181810279634,0.9032553744883159
1090,4105,0.25811639810536674,0.2714684598085919
1091,356,0.025227362677610537,0.8982958771365521
1092,199,0.05071013950396501,-0.39995811548254645
1093,2197,0.02748040402749769,0.994366661383363
1094,1946,0.027786523636430763,0.9793357885710965
1095,2890,0.08977315277359121,0.3834687281837368
1096,1651,0.013381845948240335,0.9890000458814667
1097,4736,0.019098114875792136,0.6301421675144008
1098,2290,0.03605860770567895,-0.3778853117399612
1099,2954,0.028243477771088807,0.9944986063531797
1100,4979,0.032463521448856454,0.9843671915403581
1101,4650,0.030838036863364435,0.9913708459731988
1102,2870,0.2924906703327086,0.6600637021966007
1103,4409,0.014169868688567185,0.19431711584802625
1104,2747,0.013508734033655885,0.9936459049023176
1105,2375,0.1194262822537059,0.899868382859867
1106,4066,0.016868293034047438,0.854840922477893
1107,4895,0.027710499001465837,0.9765520042331645
1108,379,0.0788101990932147,0.9959106123883091
1109,3648;477,0.020688148968645282,0.9984220266674105
1110,4873,0.10248060573142466,0.207633529269578
1111,2229,0.017633997125035494,0.8428407839892752
1112,2225,0.016502047321964246,0.9858067007690025
1113,4358,0.016519044398702873,0.9870802035920145
1114,4222,0.016944954752737676,0.9997446748263004
1115,2072,0.02298710446340988,0.9996148735528216
1116,2178,0.02397268660958655,0.656807593685597
1117,4988,0.021672613480632274,0.4284427556584026
1118,3849,0.0203980811157639,0.9993885094022827
1119,403;78,0.015661686718408875,0.9943650744744981
1120,4634,0.020537696776803165,0.8699391909655653
1121,2396,0.021762615066581642,0.9959879321734423
1122,1860,0.01296752655879651,0.997907623892768
1123,1939;148,0.020438828076985684,0.9861537901569357
1124,3078,0.020765737397642606,0.16173389387849657
1125,2033,0.01963416733621261,0.9944660536422174
1126,2800,0.019554396457103617,0.34744533249281573
1127,2453,0.015083311585307775,0.995483675593617
1128,4739,0.036204053342280135,0.5637955249550469
1129,4594,0.059350629540469046,0.9906964661137998
1130,3758,0.01786133146568481,0.9382641038494342
1131,3370,0.021335478795068842,0.9928316311413388
1132,2861,0.021796461560871862,0.9927818325163621
1133,3436,0.037335544884255646,0.42096527669183625
1134,4273,0.025065636885257876,0.53883691913545
1135,4096,0.025374489079300937,0.971733276116967
1136,4730,0.020859439129512623,0.9950546893928478
1137,1786,0.020113373884057123,0.9696998037521468
1138,4791,0.045606407626000614,0.9968422504417944
1139,2391,0.01723327933168202,0.9852161166996869
1140,3883,0.05289402750942464,0.9976966950393388
1141,2196,0.05659754766120903,0.9980771909241933
1142,2016,0.013744835410009256,0.9962133214222578
1143,1768,0.03269555188790085,0.9966462557538464
1144,635,0.04803809867303802,0.7551050418626004
1145,1667,0.06220028927571721,0.9503963514182918
1146,4164,0.02164815083556455,0.9994628420314409
1147,868,0.053577354680623086,0.9825332827470815
1148,2281,0.03842577021390935,0.17904693747889655
1149,3661,0.018511137386551683,0.994405639831696
1150,2211;3238,0.014290894798550056,0.9859944018349852
1151,670,0.013691079844487175,0.9780637316857435
1152,4910,0.03557512969254219,0.16118352513766443
1153,3235,0.0652924449209512,0.15648999377082273
1154,1555,0.022929014363815295,0.9845863844020669
1155,3756,0.01953938810216317,0.9608691760841178
1156,1725,0.01830106683768418,0.9345168893930772
1157,2756,0.023016919060809538,0.49782821929559795
1158,3757,0.06593067203425361,0.433510968838856
1159,138,0.1868156291885898,0.9981234420013939
1160,4288,0.02052863180100798,0.9796851664635353
1161,4955,0.032171239668954035,0.959380087116828
1162,1343,0.025465146004453817,0.9889263246150176
1163,4315,0.022595058129850396,0.9867201092645005
1164,2445,0.05824743400865905,0.9398155783369365
1165,4413,0.07090434500492161,0.9986604800229325
1166,2123,0.01652230037862226,0.9942786296022181
1167,1787,0.28112144112577125,0.9522585776417954
1168,1929,0.03204706842871639,0.978909484328783
1169,5089,0.023804612967999156,0.20072886490063413
1170,3150;2584,0.03157848667920422,0.8421172119783016
1171,1813,0.019110191758955987,0.999808147685091
1172,3640,0.03611826067967583,0.9929982986219106
1173,1141,0.09477955230493652,0.9999819475668532
1174,4721,0.018165642676533277,0.9801624029984998
1175,1720,0.014450174210704497,0.9801401499447533
1176,2283,0.02048191228056365,0.26857882780689335
1177,2017,0.015092487227091245,0.9991966910423742
1178,3831,0.014602280588363877,0.9940335267529603
1179,2270,0.013308211875968154,0.9917734229812575
1180,1746,0.010217061387047664,0.9942079580916936
1181,152,0.010974901760734988,0.9999593388784955
1182,4688;1497,0.01738568375865321,0.9803054319853316
1183,5040,0.03206325701861904,0.9975450736461051
1184,4123,0.015670822252600258,0.8182529042361703
1185,1022,0.175159118403661,0.2849271763804382
1186,2199,0.019235220388771394,0.3077628353711227
1187,2737,0.07206931883313696,-0.04199496956182336
1188,2529,0.054316192146869995,0.9988396976182912
1189,3029,0.12987980905905563,0.9777118864007929
1190,3468,0.026982672555174107,0.9422479743847534
1191,1782,0.054240208530892876,0.9981717155596319
1192,2526,0.026045420304261525,0.9817861083655675
1193,2211,0.015082595088770356,0.9676951050905979
1194,2221,0.013894231279748037,0.9948175842137951
1195,3496,0.05850804337545453,0.9584413597827819
1196,5053,0.08549928545528222,0.9499975446671649
1197,4484,0.03024150737335882,0.8250803566070669
1198,2090,0.03831849747552837,0.9851977111501952
1199,857;3206,0.01710755619626506,0.979652958198418
1200,2582,0.030579640346939985,-0.1453024409399315
1201,2322,0.023575971489073935,0.8240136906617689
1202,1361,0.06605235968490371,-0.10848103912537166
1203,2929,0.0384912759204175,0.8980132893624033
1204,1880,0.03407035043434754,0.16259544584462104
1205,3216,0.020070440929758092,0.9998683856661149
1206,2502,0.06268420347299339,-0.0180495535874452
1207,461,0.02618233921813267,0.9949502433894526
1208,2510,0.017520779558400076,0.8328182977169182
1209,3287,0.01416219098063531,0.9999996093542227
1210,147,0.15360137011460048,0.9620065767334666
1211,2201,0.02739459426872296,0.9730478048034542
1212,934;935,0.02474673388406045,0.8524411913734606
1213,2020,0.03588599535266856,0.9418999519474182
1214,2352,0.11867667211444627,0.7350501656328607
1215,2667,0.040644155930964036,0.894456390119117
1216,2967,0.05976394166699451,0.9950923670611822
1217,2411,0.017499767705386776,0.25188534335504964
1218,962,0.07660214919831108,0.42631919284258024
1219,3153,0.029525513836418542,0.9923616985297493
1220,2441,0.01647106922017831,0.9948161254951874
1221,1396,0.01469155987775499,0.9508872920446693
1222,1466,0.023832324437551344,0.9995809065581617
1223,4750,0.0412455100979627,0.9876668723607699
1224,576,0.08708358216090926,-0.35476158729456087
1225,1939,0.02371435378893243,0.7627387511223056
1226,1287,0.06416090446046206,0.02326264630696928
1227,1941,0.016824173750141978,0.9543979619608461
1228,2887,0.06542197511648508,0.9997080400610044
1229,2169,0.019776586494065815,0.9928744561598968
1230,2934,0.013283072295132396,0.9940754804203168
1231,2849,0.022292395873729914,0.9905232160808064
1232,3087,0.06432212391213918,0.9900098223539607
1233,4208,0.018189208829288758,0.8839826985149982
1234,4210,0.047536434067223854,0.999998460192131
1235,1740,0.018583048916810736,0.43625205999385686
1236,3192,0.027068693283365967,0.9962266741384862
1237,421,0.016677593996626983,0.9939496926561906
1238,2286;2287,0.01764596103700617,0.9999162145721204
1239,2177,0.012485875334949784,0.9440106450105556
1240,1505,0.06845347671610608,0.08171963398118787
1241,3075;3107,0.017911421459775586,0.999994462371971
1242,3840,0.02425911365375339,0.7330635019910738
1243,4452,0.08429132543792814,0.5595456957878844
1244,2699,0.11115480654641796,0.5146710136275665
1245,2364,0.11864816192827003,0.9524029939993749
1246,2030,0.16428261532171182,0.07224368863376474
1247,5046,0.016892912122021455,0.98152583244908
1248,2759;2758,0.014458155194020082,0.9998132538783953
1249,1580,0.16577278180364147,0.9744396477631347
1250,3815,0.016827216486232383,0.7446675164163103
1251,1427,0.01908163220022168,0.9999132929751311
1252,1672,0.023141908789806154,0.9670882923708385
1253,2172,0.07882887214326752,0.9844511588347951
1254,1922,0.09050311431196092,0.9364859185413932
1255,1691,0.03963346015641597,0.43486002504385457
1256,2968;4141,0.01944208609921108,0.9998621035691031
1257,1999,0.03127644557573869,0.580594244616424
1258,1847,0.05238598195641255,0.8980626473793725
1259,2855;3429,0.031095474285273587,0.9988932662096739
1260,3929,0.07304614141464937,0.8949479756990877
1261,1810,0.020443437716636988,0.8517518333392952
1262,1234,0.0922829949243919,-0.38865556899315856
1263,2835,0.024460112199521104,0.8400347429927233
1264,4496,0.02235179140628782,-0.1567426510973351
1265,4603,0.14799801552594602,0.20856730745787033
1266,1841,0.017970125058039042,0.9972667086723342
1267,1547,0.038966792007213105,0.9954861365388743
1268,3630,0.02445464147770981,0.9919443263230087
1269,4740,0.056656822611338496,0.6930042806431769
1270,2946,0.09211177901563412,0.9889143892194713
1271,755,0.05649966818358931,0.9932782461626154
1272,3160,0.022959064645918386,-0.24816990554326468
1273,2271,0.0935243055747721,0.3727065946601128
1274,3372,0.015616690936809901,0.9774847308538881
1275,2464,0.034780861739807406,0.9383184233821177
1276,475,0.02153089360331876,0.9985856945369811
1277,101,0.03048943127182998,0.9811733645940399
1278,1253,0.01738407832249481,0.9998707601427974
1279,2715,0.016995403697324055,0.9850866662046418
1280,4239,0.014830781167567983,0.9676639024100411
1281,4044,0.033321759248413824,0.9821764105700839
1282,4949,0.020558443558338142,0.968698103898723
1283,2355,0.2709388770390168,0.868457791226761
1284,2223,0.027695927066357623,0.8470676868931132
1285,2565,0.041715812961866744,-0.2491910693843733
1286,1767,0.019305227112192735,0.415803004673754
1287,1682,0.0179647997330525,0.9796478446309125
1288,4950,0.01770306110961087,0.9959829894912198
1289,643,0.18381834250720513,0.6834167038298153
1290,437,0.014482858999213458,0.986872340084449
1291,1664,0.01846484271003258,0.09467618228683716
1292,2181,0.020628137503957474,0.9972734881329856
1293,2804,0.0386684179424784,0.994141056840715
1294,2742,0.02429075880731195,0.9839110190759728
1295,4692,0.0341339702431656,0.27582735505331035
1296,463;859,0.057919314162691554,0.9610005918536749
1297,1943,0.016122823230743447,0.9980225527254966
1298,2207,0.02412789587157804,0.15267950597992108
1299,2266,0.020303181219353,0.9903947267294698
1300,5110,0.021045162296993988,0.9852307358862002
1301,3992,0.13833175702236045,0.7078162377205109
1302,3336,0.04024137126139733,0.5808423322041781
1303,1716,0.019196772289658555,0.9975408761284605
1304,15,0.06418438987090992,0.30953218741584876
1305,2175,0.021938618022988115,0.9422012267098102
1306,4954,0.016970530333443028,0.9908856935154684
1307,4814,0.01696583477608161,0.9721670515542947
1308,3309,0.1411845249799507,0.9936881960859876
1309,3407;199,0.018896241171630787,0.9999633934925151
1310,4223,0.02059330618436596,0.6905751212957127
1311,1844,0.0012853940092034135,0.7381682156806968
1312,4966,0.02549074892951773,-0.36983899945534904
1313,3181,0.016478980952790868,0.999923189820296
1314,5063,0.022931373691384132,0.9669688321024843
1315,1190,0.036219121960098605,0.6882851150453791
1316,2143,0.016497195824062373,0.9919268798454935
1317,4261,0.03902881083124178,0.5784555798047801
1318,4767,0.02515872944351229,0.9487771931313038
1319,4826,0.01753621798714281,0.9998404043348342
1320,3060,0.04646704415025572,-0.39999352611497474
1321,3456,0.013297033875929712,0.9887758045906628
1322,1351,0.21922684733031933,0.5235160616310999
1323,733,0.023658596738317664,0.9968676780115605
1324,1014,0.18156385809449346,0.8575878770017237
1325,2627,0.016811724056951492,0.7508172592239604
1326,438,0.021302128046208933,0.9848592758228132
1327,2359,0.020731200324179487,0.9944637781608748
1328,1809,0.021182383769357188,0.5364659478987286
1329,2200,0.02527445903176317,0.9970322288858817
1330,2723,0.024556556667242633,0.5910647742807853
1331,4144,0.017959320355453532,0.928125087896306
1332,5104,0.1438123655585526,0.759372201482374
1333,1486,0.06707683221041708,0.8673717831799288
1334,4236,0.015611033969955721,0.9853869434776479
1335,1723,0.07601782335160955,0.9995925902775468
1336,4611,0.06701210699004118,0.5941244335669621
1337,1504;2249,0.018735755140442473,0.9928542367621781
1338,2008,0.10792445704164431,0.99659785919704
1339,751,0.02208026076160741,0.990632038795967
1340,1459,0.019598010362274373,0.9295191700814879
1341,1747,0.03824293379398594,0.9822194148744272
1342,3182,0.11063131491761206,-0.10442397274166404
1343,933,0.01273866084736863,0.9998381336786665
1344,1481,0.11658679425495025,0.7020970740052797
1345,5119,0.020407052227451233,0.9844377960026397
1346,2211;2221;3238,0.034314456907435176,0.5786599489146516
1347,3200,0.03494613153295693,0.7425455818943356
1348,821,0.026472957988783095,0.996061332060578
1349,2637,0.015010101583225098,0.9809008767326998
1350,4960,0.023534257649454705,0.9852650871206786
1351,2368,0.018337112198401506,0.10646257726823138
1352,3177,0.027587460455024033,-0.3936857914908083
1353,2865,0.02557945058410319,0.9861300903575196
1354,2720;733,0.016532760245377948,0.9859011871991706
1355,432,0.06275760675500869,0.9739573447927226
1356,2516,0.02477850234018879,0.9142388435197547
1357,4156,0.04304673754724959,0.919033228501762
1358,2580,0.24166444044558114,0.9715825030135499
1359,5035,0.030113351055107762,0.8985334191230837
1360,4074,0.10372189701760454,0.9947170225791868
1361,1685,0.04350258631449493,0.7499968160250584
1362,1686,0.032699924817186816,0.9959451490415103
1363,3483,0.06286331551121407,0.9922077485095772
1364,1027;1730,0.01748769406567943,0.9962121939210942
1365,4741,0.03384304548471696,0.9690667992717563
1366,4702,0.022608644577400538,0.998107993051067
1367,2883,0.025738415095320717,0.9874177403867034
1368,2158,0.018184589626610865,0.9882692117555516
1369,2154;2207;2144;2225;2229;4358,0.015482110374974411,0.9967382664568593
1370,1864,0.02053446554728029,0.9845213225245747
1371,1119;346;1241,0.025833460937974936,0.9553364828592814
1372,3366,0.014854944457514318,0.9680261843878376
1373,1284,0.06948502169686818,-0.1680065928351695
1374,1277,0.015027804366081173,0.9987429454831365
1375,4233,0.030725194413145474,0.9859133597864348
1376,2115,0.021319580475372843,0.9945883197220234
1377,4858,0.023714934437223452,0.9970093668440699
1378,1850,0.016814994855260283,0.618026481458193
1379,3474;2102;4044,0.022688320390542215,0.9995577371266458
1380,2385,0.0258335410760431,0.9885093374390979
1381,3962,0.018154511842633368,0.9952264065951291
1382,2,0.0600214929999178,0.8617544191155828
1383,4490,0.019912457400804086,0.9754032352993037
1384,4987,0.014358218277904998,0.9989508368501222
1385,3277,0.022295179304462936,0.9996886668096567
1386,3260,0.01990575944407652,0.9926943082401442
1387,2800;1988,0.017318187008934432,0.9947618195063007
1388,3635,0.027147098454972686,-0.03619208276755859
1389,2651,0.03469755150985195,0.9907691475730308
1390,1597,0.024326518827325005,0.3364529169953324
1391,1975,0.012885929397997885,0.9496211958108529
1392,4788,0.12051830208645428,0.8161544044454581
1393,451,0.17522560098985449,0.9995536057052146
1394,2301,0.043713104521991404,0.07677825867334398
1395,4235,0.06533398426655565,0.7558937466638266
1396,1475;2749,0.030240006320160582,0.9855540274365754
1397,254,0.025937379800893355,0.07325405002165386
1398,2198,0.030307688397977282,0.9706377164939953
1399,2227;2340,0.017006678935203863,0.9128064428085547
1400,3190;3940,0.09200967940071741,0.06271011424269846
1401,2334,0.036944967427246844,0.39605232234625254
1402,4447;4448,0.02082476818216405,0.9711955741243576
1403,2925,0.01915341022091496,0.9796569399239496
1404,1455,0.03056399302132275,-0.06014102315095826
1405,3439,0.023986082529534564,0.9633159008329149
1406,3947,0.04609824880463174,0.3150106265518583
1407,2728,0.021884731902579658,0.7661538375007387
1408,2174,0.027157426372402378,0.9954825241508124
1409,4051,0.019063587927488013,0.916778847552176
1410,4912,0.0444824379593306,0.9966179633685259
1411,1268,0.091802504748348,0.9997921998060495
1412,2779,0.0881249147674776,0.12582649457986017
1413,2092;2091;2938,0.014879902835127513,0.9632325903396686
1414,1520,0.08077474898373205,0.9991175629755109
1415,3889;2539;1412,0.017302848356002473,0.9970711160345697
1416,3174,0.02868645976528703,0.9992712951212503
1417,569;3240,0.019248175177244586,0.7097563850683785
1418,2194;4879,0.025880207893212687,0.9880866193690426
1419,5032,0.025428221383468515,0.8999289277969857
1420,2161,0.060047175557380976,-0.37256033742464134
1421,2956,0.021619312801025015,0.9967892061737326
1422,4939,0.09652724674387916,0.7818514286981906
1423,1451,0.05628012631452536,0.9825379973445796
1424,970,0.16988329204778738,-0.36653932432310166
1425,1504,0.018193379552786246,0.9976264900945739
1426,1959,0.018769302014143927,0.9690817073265373
1427,2043,0.02475919338306982,0.4479434926429068
1428,1689,0.018739272259753182,0.9903934796961347
1429,2179,0.016848456499737586,0.9895695126780208
1430,2477;2976,0.019438336351020106,0.9987602723237207
1431,4781;4780,0.014531094149248535,0.9996233027520057
1432,1957,0.017462082865916342,0.9868733678397903
1433,4993,0.014854321535609146,0.9666231994396222
1434,3340;3318,0.04196144184431343,-0.3956803469376544
1435,2361;2362,0.05089464617170068,0.9684361078626118
1436,10;1113,0.023690195839629682,0.9984966401915103
1437,1745,0.013193374019707672,0.9712112764044462
1438,1741;1289,0.013801253969585993,0.998995980273804
1439,4417,0.0348695089681521,0.9929024581741817
1440,306,0.0154923542031415,0.9960969026963741
1441,3841,0.2018854852315191,0.4983701817765548
1442,1570,0.1731580907136398,0.9427707361711232
1443,1682;2168,0.01774825504427273,0.9905220357682274
1444,4463,0.02100463712899502,0.9764151482747899
1445,3446,0.041344942859319556,0.9895589336100055
1446,2228;959,0.011168870608503682,0.9998488873698378
1447,5019,0.10388532818466681,0.9993996695012286
1448,1252,0.18657488753735987,0.99169071137782
1449,1730,0.017841561855581747,0.9991071753559496
1450,1735,0.023510637560108294,0.9945312505853281
1451,2227,0.014967758376422152,0.9940045034548813
1452,590,0.028927585667549036,0.992266641128996
1453,1282,0.13844087715560932,0.878672611635563
1454,4339,0.014853337217508747,0.975032520594771
1455,1456,0.027350903409749352,0.31229040984761436
1456,5031,0.05533743511491181,0.6043623398268532
1457,4961;4926,0.01911491446946619,0.9841856772292985
1458,2522,0.03298898886973924,0.9854277820706703
1459,2114;1686,0.022616603028608084,0.9959643228902377
1460,3107,0.02581559015059156,0.9994709463539662
1461,3204,0.05232078156345036,0.04697436279630984
1462,2217,0.03588096716888879,0.9899338539103718
1463,49,0.06764258967176626,0.9998519735662303
1464,2191,0.02221845823867212,0.698711211479649
1465,1516,0.020477813412058062,0.9445092859444411
1466,568,0.015285547538075091,0.9901308120379372
1467,2356;2888,0.04964831961141777,0.8582812085144272
1468,4874,0.04609415786495823,0.9138944330129035
1469,1700;1662,0.0141615294844551,0.9988120161360658
1470,2676,0.03153314714852008,0.9820996579153259
1471,1050,0.017680207948995216,0.8532151288497226
1472,3063,0.017952349926088726,0.9937605813711756
1473,4781,0.022656221817269544,0.9988235742513782
1474,2186;1835,0.04014191055287936,0.8417003538837239
1475,4335,0.031099181763793324,0.937615018135138
1476,933;4814,0.015532509460492538,0.9904003293697442
1477,1560;561,0.013437409686347754,0.9993078425978708
1478,1441,0.019065105425907457,0.3596919619509835
1479,352,0.12389682391972297,-0.2746218786568204
1480,86,0.019454430684200594,0.9977128366762984
1481,1291,0.015248636238998355,0.9947071972721585
1482,237,0.02771597934044046,0.9250717403973862
1483,3752,0.01931218523279211,0.5117555989887457
1484,3108,0.01755492421499799,0.8793853797071526
1485,2129,0.022593464548215942,0.9894612442877172
1486,4390,0.04936222124555096,0.9990686315951747
1487,584,0.0352620339639039,0.9949409773782427
1488,276,0.10109308738997819,0.4290333565503569
1489,1511,0.010153999288913682,0.9913268036734131
1490,4285,0.018172132320121995,0.9599106881831471
1491,2832,0.09416988427833291,0.6050187396621887
1492,1324,0.019759848052915408,0.999276784586881
1493,51,0.06314830875069607,0.9845478333767657
1494,557,0.19250574474038443,0.031428953704805807
1495,2109;2072,0.022809882783374386,0.9998738605514292
1496,1530,0.05764161870940519,-0.3990557662712837
1497,3991,0.04741067374214037,0.9409833568886874
1498,4906,0.0250174978931022,-0.01606112637409507
1499,4237,0.04170637128923451,-0.07171613146111633
1500,1509,0.0394928542699479,0.8170903723418238
1501,1756,0.11893664440754738,0.9974207730991035
1502,2227;2340;4404;3096,0.013999167285711227,0.9928279466924086
1503,2216,0.02283217578022681,0.999281382938129
1504,2772,0.018313346657320064,0.9557413197438434
1505,4947;4786,0.167975217917413,0.9876605973970704
1506,2189,0.024481153275653592,0.9879339202869278
1507,1960,0.08185230129875365,0.9758600171374369
1508,2179;414,0.015706602360480295,0.9933873130063512
1509,3441,0.0267975500318244,0.991794107188453
1510,934,0.019548621230529174,0.9846038021677238
1511,3326,0.04288119045310805,0.2092525578024499
1512,2226;29;2598,0.013460070739809466,0.9992471034075932
1513,5101;2797,0.026070900619906915,0.9988443048905493
1514,1863;4323;2117,0.019211705218532504,0.997277494255581
1515,4477,0.019883530831693298,0.9867496843420793
1516,720,0.22267800180264605,0.9997143444155143
1517,4994,0.019410667200128247,0.9948195814560988
1518,2085,0.014859088865464816,0.9992990523150527
1519,2535,0.03493647668771032,0.24522451666217893
1520,4286,0.0348028866561571,0.7460711343893902
1521,983;108,0.023571072431536992,0.996875464853808
1522,3769,0.058972253092193797,0.9875574392406711
1523,3104;2755,0.02874694404531372,0.8755565803326202
1524,2209,0.04302097921059536,0.8736251659384504
1525,140,0.01673748893640483,0.9659962753311173
1526,2152,0.02008799915151391,0.9900262407080538
1527,343,0.02199680956986457,0.9987648714744427
1528,3595,0.056100024121809464,0.9889219932774511
1529,2180,0.015254338944980099,0.9822914385621644
1530,2227;2340;4103;4404;3096,0.01463887896399099,0.9636927127525875
1531,1644;2224,0.028390935995445087,0.17743109350688124
1532,431,0.19439473012952838,0.9932093557034398
1533,4935,0.12971823099493637,-0.11809349318359641
1534,1603,0.02438475464216516,0.9165939032489788
1535,1279;1422,0.01955219574526957,0.999202219592616
1536,4879,0.035850896371247505,0.9950549567344925
1537,4470,0.040349505683002565,-0.024667989169220306
1538,2820,0.12429370021266586,0.723401744475057
1539,1971;2007,0.014532305285779302,0.9808780247452933
1540,2501;2808;1966,0.022364459684061068,0.9797819448586582
1541,848,0.031109262955828904,0.9915435343122935
1542,738;3940,0.015964497103702565,0.9993143275372203
1543,2027,0.08329116905467067,0.894793566662666
1544,40,0.039386760325618185,-0.1561377817465459
1545,1388,0.1832181342790051,0.6242072147722888
1546,1198,0.029681653448880328,0.9994118803520606
1547,4829,0.046191556195246175,0.6825523448518022
1548,4669,0.016049669727704892,0.9953526383304042
1549,1472,0.03199741330068902,0.9978122478386845
1550,2083;548,0.01635304200864698,0.9958280665131773
1551,1321,0.11379945594040318,0.506226795451614
1552,2232,0.07119233495638497,-0.3392524604306455
1553,37,0.019224661117302876,0.9726770009909712
1554,1715,0.02559920971255438,0.8467268326912232
1555,2114;3962;1686,0.0202114643946646,0.9891623868000078
1556,1752,0.19381451993768178,0.5498610679615918
1557,4665;2391,0.02143254984415946,0.9973861042214511
1558,2837;4334,0.01711173734833683,0.9999997137923942
1559,61,0.07918766600646457,0.9998298202355433
1560,4135,0.024234714458267095,0.9992290393833927
1561,1411,0.035575018485910964,0.9048538418912917
1562,380,0.035716481920394956,0.9956279339684454
1563,1917,0.01410722935648564,0.9777650734675123
1564,1165;855,0.028757598600382118,0.9947676329599366
1565,1693,0.018634948884955323,0.9969501508194052
1566,507,0.013230304498778996,0.999340380489048
1567,606,0.024810971268368832,0.5900229359528493
1568,2147;2205,0.06930636137143416,-0.11025473027684951
1569,4965,0.07930856266149142,0.9998041076833105
1570,2719,0.053404145604356044,-0.38241060967973195
1571,25;3118;1258,0.030210596602570854,0.9998027969864265
1572,2819,0.05352420070323044,0.9635090138887449
1573,5030,0.013983959375029918,0.9995498073484788
1574,502,0.024620244852912653,0.9599772722335889
1575,935,0.024470889520332904,0.9726538475708807
1576,3290,0.0342764903288648,-0.07694625004179234
1577,1071,0.02536000144212682,0.8775503502148269
1578,2212,0.019779286800351813,0.9909863159636804
1579,1629,0.1496188151836224,0.5721036579160712
1580,1937;415,0.0387099417693664,0.963780803274696
1581,879;3656,0.017500931142737396,0.9989324322057587
1582,4505,0.026427328824222416,0.9973357797585802
1583,114,0.056354828816038954,0.9270191789273733
1584,2199;1764;1739,0.012808584522575673,0.9989850322061989
1585,2148;2205,0.030334538767168788,0.9996352874386758
1586,260,0.015324517755625553,0.6032933260658327
1587,1635,0.021889720924207476,0.9867576653329772
1588,2753;2752,0.030970387325133675,0.9855469414628338
1589,2750,0.06831421018245602,0.8618626379911652
1590,2134,0.022280523990631896,0.9987087375948959
1591,1291;4392,0.01420351093797998,0.995445134164103
1592,4011;3239,0.021791946477777532,0.9897303068475392
1593,387,0.026216170486691746,0.9975109121172121
1594,2199;1748;1739,0.013117611302339576,0.9987851009953267
1595,2962,0.04398722399640375,0.9934312913422528
1596,402,0.02474751062866939,0.9697555985260718
1597,3066,0.02271832443972075,0.9752337146219987
1598,897,0.016245438791346704,0.9938021643304114
1599,1965;1724;170,0.02123326061082647,0.9966705456868069
1600,361,0.019399243662024827,0.9056168474377619
1601,2228,0.07047511430020123,-0.22693269910099856
1602,2187,0.02944991390634357,0.9746790619990061
1603,756;2933,0.011222732031445417,0.9972898678259793
1604,1916,0.011478608848045503,0.9945944112998004
1605,1901,0.0182443992888964,0.973599675412918
1606,1557,0.02015123238920757,0.9999764765387263
1607,2928,0.14260073314745492,0.12126587583954496
1608,2145;1690,0.018155062944660367,0.9851435163695367
1609,2377,0.03667906517815848,0.9817901058227115
1610,3353,0.02505552534900041,0.999999377718014
1611,4764,0.02623357490789949,0.9987627023498976
1612,1666;4717;1757,0.030217246478696815,0.9834502433144577
1613,1627,0.10252984196008672,-0.21600671263016502
1614,3709,0.035019249858427914,0.8535082856101674
1615,3928,0.08790531131247739,0.912657916335776
1616,2379;1777,0.1561100851843073,0.9645822013475606
1617,2479;2635;1472,0.0198456029532353,0.9998490418377111
1618,4756;3099,0.02249626879405241,0.9999487277174206
1619,2147,0.0357130118870423,0.9973826303104641
1620,1168,0.018767126923202773,0.9987839526749205
1621,4799,0.0774342098088803,-0.3803760072063489
1622,2179;2118;414;2053;2119,0.018981211503782763,0.9858237070460031
1623,1944;1943,0.014560384176569475,0.9990547210273737
1624,5051;3282,0.024110574449730766,0.9760235371488915
1625,4729,0.1037160131610001,0.9253276157421031
1626,5009,0.005058165405949302,-0.38121440204531454
1627,4794,0.14715276937988742,0.9727979141326939
1628,1754;3503,0.022227625805389655,0.948915477014295
1629,4217,0.054440909639051106,0.5708781560935525
1630,4929;4930;672,0.023164282152321525,0.9887273254683006
1631,4758,0.020951568619866186,0.9999221727177335
1632,378,0.04037260371482535,0.9999968088626047
1633,3088,0.013573067450308621,0.9983508586446164
1634,2227;4404;3096,0.015770504432704918,0.9922639307347099
1635,1453;126,0.020720735022914816,0.9945825101686303
1636,4229,0.046398055261276695,0.9970253849482827
1637,54;3516,0.024293077750442187,0.6117542281523013
1638,409;2291,0.015110486621215941,0.9995417882654852
1639,1055,0.03789051406975756,-0.39181384744773706
1640,2113,0.022096295826824725,0.9959372787520258
1641,1727,0.08298604981328844,0.9998064453831521
1642,2199;1748,0.014240234807103047,0.9975290581728798
1643,4911;2833;2172,0.041197418262629064,0.9998801771046789
1644,1919,0.008623741804329536,0.9997695430045747
1645,4856,0.29818395977085566,0.9703867484063868
1646,1639,0.0391253282986345,0.9951445969214715
1647,4220,0.052999428881139794,-0.19641364435766118
1648,5112,0.07070186918020219,0.9545011345190371
1649,714;2086,0.028044886433160054,0.418712601409854
1650,927,0.03696842507677148,0.9619336731528965
1651,2199;1764;1748;1739,0.013981198896013968,0.9990778615005735
1652,1504;2249;5119,0.02032889726540689,0.9971758628310161
1653,2799;485,0.01976426101792104,0.9883457470784681
1654,1043;217,0.017835362070271546,0.9984910869144804
1655,2130,0.028712985912519595,0.9734075914823997
1656,4910;100,0.034693516787862276,-0.3465659808592556
1657,1755;1926,0.015465217004345605,0.991355108944739
1658,2573;4909,0.017527738944101905,0.8688843708255762
